// AUTO-GENERATED by scripts/precompress_settings.py - DO NOT EDIT.
// Source: src/wb_web.cpp (PRECOMPRESS_SETTINGS_BODY), sha256[:16]=ae4fd26052fc4cef
#pragma once
#include <pgmspace.h>
#include <stddef.h>
#include <stdint.h>

const size_t SETTINGS_BODY_GZ_LEN  = 19623;
const size_t SETTINGS_BODY_RAW_LEN = 69575;

const uint8_t SETTINGS_BODY_GZ[] PROGMEM = {
    0x1f, 0x8b, 0x08, 0x00, 0x00, 0x00, 0x00, 0x00, 0x02, 0xff, 0xdd, 0xbd, 0xdb, 0x72, 0xdb, 0xca,
    0x92, 0x28, 0xf8, 0xee, 0xaf, 0x28, 0x73, 0xf5, 0x12, 0x80, 0x45, 0x90, 0x22, 0x29, 0x59, 0xb6,
    0x41, 0x53, 0x0a, 0xd9, 0x96, 0xb7, 0x7d, 0x8e, 0x6f, 0x6d, 0xc9, 0xdb, 0xbd, 0xb7, 0xec, 0x56,
    0x83, 0x04, 0x48, 0x62, 0x1b, 0x04, 0xb0, 0x01, 0x50, 0xb4, 0x2c, 0xa9, 0xa3, 0x1f, 0xe7, 0x69,
    0x3a, 0x3a, 0x7a, 0xa2, 0x23, 0x26, 0x62, 0xbe, 0xe3, 0x4c, 0x3f, 0xcf, 0xa7, 0xac, 0x2f, 0x99,
    0xcc, 0xac, 0x0b, 0x0a, 0x20, 0x28, 0xd1, 0xb2, 0xd6, 0xed, 0xec, 0xee, 0x65, 0x11, 0x40, 0x5d,
    0xb3, 0xb2, 0xf2, 0x56, 0x99, 0x59, 0x8f, 0xbc, 0xe0, 0x94, 0x8d, 0x42, 0x37, 0xcb, 0x06, 0x46,
    0x18, 0xbb, 0x5e, 0x10, 0x4d, 0x0c, 0x16, 0x78, 0xf0, 0xe0, 0x19, 0xbb, 0x8f, 0xf4, 0x8f, 0x5e,
    0x2b, 0x4b, 0x82, 0x08, 0x5e, 0x6e, 0xc2, 0xdb, 0xdd, 0x97, 0xbc, 0x2c, 0x3b, 0xf4, 0xf3, 0x1c,
    0xfe, 0x66, 0xed, 0x76, 0x9b, 0x7f, 0xb8, 0x43, 0x95, 0xb0, 0x85, 0x04, 0x5a, 0xca, 0xf2, 0xb3,
    0xd0, 0x1f, 0x18, 0x5e, 0x90, 0x25, 0xa1, 0x7b, 0xe6, 0x44, 0x71, 0xe4, 0x1b, 0x50, 0x64, 0xda,
    0xdd, 0xdd, 0xf8, 0xe1, 0x4b, 0x6f, 0xe7, 0xe1, 0xc3, 0xbe, 0x6a, 0xe1, 0xd1, 0x26, 0xbc, 0xbd,
    0x73, 0xe7, 0x11, 0x55, 0xd9, 0xbd, 0xd3, 0xce, 0xdd, 0x61, 0x6b, 0x91, 0xba, 0xc9, 0x79, 0x12,
    0x67, 0x41, 0x1e, 0xc4, 0x91, 0x93, 0xfa, 0xa1, 0x9b, 0x07, 0xa7, 0xfe, 0x65, 0xf1, 0xd1, 0x71,
    0xdc, 0x71, 0xee, 0xa7, 0xe7, 0xa3, 0x38, 0xca, 0xfd, 0x28, 0x77, 0x0c, 0xa3, 0xaf, 0x8a, 0xbb,
    0xc3, 0x2c, 0x0e, 0xe7, 0xb9, 0xdf, 0xcf, 0xe3, 0xc4, 0xe9, 0xf4, 0xd3, 0x60, 0x32, 0xcd, 0xe1,
    0xef, 0x30, 0xce, 0xf3, 0x78, 0xe6, 0xf4, 0x92, 0x2f, 0xfd, 0x45, 0xe0, 0xe5, 0x53, 0xa7, 0xd7,
    0x81, 0x9f, 0x43, 0x77, 0xf4, 0x79, 0x92, 0xc6, 0xf3, 0xc8, 0x73, 0xc2, 0x20, 0xf2, 0xdd, 0xb4,
    0x35, 0x49, 0x61, 0x86, 0xd0, 0xa6, 0x99, 0xc7, 0x8c, 0xea, 0xda, 0x79, 0xea, 0x46, 0x59, 0xe2,
    0xa6, 0xf0, 0xd2, 0x3e, 0x75, 0x53, 0xb3, 0xd5, 0x1a, 0x4e, 0x2c, 0x0b, 0x3a, 0x0c, 0xa0, 0xf3,
    0xb4, 0xe5, 0x9f, 0xc2, 0x87, 0x8c, 0xe6, 0xc8, 0x47, 0x98, 0x9d, 0xcb, 0x79, 0x8f, 0x43, 0xff,
    0x4b, 0x7f, 0xe2, 0x26, 0xd4, 0x7d, 0xea, 0x41, 0xe1, 0x62, 0x14, 0x0c, 0x46, 0x19, 0x78, 0x4c,
    0x34, 0x48, 0x5f, 0xad, 0xfe, 0xcc, 0x4d, 0x27, 0x41, 0x24, 0x4b, 0x75, 0xb7, 0x61, 0x84, 0xf1,
    0xa9, 0x9f, 0x8e, 0xc3, 0x78, 0xd1, 0xfa, 0xe2, 0xb8, 0xf3, 0x3c, 0xee, 0xb7, 0x16, 0xfe, 0xf0,
    0x73, 0x90, 0xb7, 0xd4, 0xfb, 0x6c, 0x94, 0xc6, 0x21, 0x0c, 0x7e, 0xe2, 0xe4, 0xf1, 0x7c, 0x34,
    0xed, 0xf3, 0xe7, 0x21, 0x4c, 0x85, 0xcf, 0x53, 0x1b, 0x98, 0xe3, 0xc8, 0xda, 0xaa, 0xd0, 0xb9,
    0xbe, 0x46, 0xbc, 0xd8, 0x79, 0xe2, 0x7a, 0xb8, 0xc8, 0x4e, 0x17, 0x20, 0xc4, 0xba, 0x3b, 0x30,
    0x88, 0x51, 0x1c, 0xc6, 0xa9, 0xc3, 0xc7, 0x9a, 0xfb, 0x5f, 0xf2, 0x2d, 0xab, 0x3f, 0x06, 0xd0,
    0xb7, 0xb2, 0xe0, 0xab, 0xef, 0xb4, 0x1f, 0xdc, 0xf3, 0x67, 0xfc, 0x79, 0xe1, 0x13, 0xb4, 0x77,
    0x3a, 0x9d, 0xfe, 0x68, 0x9e, 0x66, 0x50, 0x47, 0x40, 0x69, 0xe5, 0xfc, 0x35, 0xe0, 0x56, 0x66,
    0xdf, 0xa2, 0xa5, 0x9a, 0x06, 0xb9, 0x0f, 0x18, 0xe8, 0x8e, 0x7c, 0x18, 0x21, 0x2e, 0x7d, 0x9f,
    0x6a, 0x88, 0xa5, 0x0e, 0x43, 0xd6, 0xee, 0x65, 0xfd, 0x79, 0x06, 0x4d, 0x67, 0x7e, 0xe8, 0x8f,
    0x72, 0x6d, 0x1e, 0x6d, 0x77, 0x84, 0x68, 0x73, 0xae, 0x0f, 0x3e, 0x49, 0x03, 0xe8, 0xe5, 0xcc,
    0x2a, 0x8f, 0xa7, 0x55, 0x57, 0x84, 0x37, 0xe2, 0x4c, 0x11, 0xd0, 0xe7, 0x55, 0x00, 0x88, 0xaf,
    0xad, 0xc4, 0x8d, 0xfc, 0xb0, 0x04, 0xc3, 0xfe, 0x0c, 0xa6, 0x30, 0xe5, 0x70, 0xd8, 0xee, 0x9c,
    0x4e, 0x2f, 0x8b, 0x72, 0x72, 0x40, 0xb2, 0xf8, 0x30, 0x8c, 0x47, 0x9f, 0x2f, 0xef, 0xfc, 0xf0,
    0xf7, 0xf4, 0x7c, 0x79, 0x52, 0xcc, 0x77, 0x33, 0x5f, 0xad, 0xbe, 0x33, 0x0d, 0x3c, 0xcf, 0x8f,
    0x2e, 0xef, 0x3c, 0xda, 0x14, 0x1b, 0xe5, 0x8e, 0xbe, 0x4b, 0xe5, 0xbe, 0x28, 0xef, 0x5d, 0x5c,
    0x72, 0xd8, 0x76, 0x8c, 0x55, 0x5e, 0x32, 0x3e, 0x0e, 0x83, 0xc5, 0xd1, 0x28, 0x0c, 0x46, 0x9f,
    0x07, 0x46, 0x36, 0x8d, 0x17, 0x47, 0xee, 0xd0, 0xec, 0x58, 0xc6, 0xee, 0xe1, 0x68, 0xea, 0x7b,
    0xf3, 0xd0, 0xcf, 0xc4, 0xc6, 0x5e, 0xaa, 0x5e, 0x53, 0xaf, 0x0b, 0xf5, 0xde, 0xc6, 0x0b, 0x3f,
    0xfd, 0x86, 0x3a, 0x3d, 0xec, 0xcb, 0x07, 0x34, 0x09, 0xf2, 0xb3, 0x6f, 0xa8, 0xb6, 0x05, 0xd5,
    0x9e, 0x4c, 0x01, 0x53, 0x54, 0x67, 0xfc, 0x8f, 0x78, 0xb8, 0xf3, 0xe8, 0x6e, 0xab, 0xc5, 0x8e,
    0xf6, 0x1f, 0xb3, 0x8e, 0xc3, 0xd4, 0x54, 0x58, 0xab, 0xb5, 0xbb, 0x04, 0x30, 0x5a, 0x13, 0x05,
    0x0b, 0x24, 0x5d, 0x79, 0xd2, 0x59, 0x82, 0xd7, 0xc8, 0x4d, 0x3d, 0x7a, 0xb9, 0xfc, 0x1a, 0x96,
    0xd9, 0x05, 0x24, 0x02, 0xa0, 0x03, 0x82, 0x46, 0xa5, 0x2f, 0x01, 0x50, 0x26, 0x03, 0x89, 0x5d,
    0xf7, 0xd9, 0xf6, 0x93, 0x7b, 0x7d, 0x58, 0x35, 0x28, 0xb1, 0xfb, 0x68, 0xda, 0xe3, 0x63, 0x27,
    0x12, 0x5a, 0xc0, 0x19, 0x5e, 0x2b, 0x08, 0x88, 0x6e, 0x70, 0x38, 0xd9, 0x68, 0xda, 0xca, 0x83,
    0x99, 0x8f, 0x94, 0x89, 0x2f, 0x6f, 0x1d, 0x61, 0xfd, 0x76, 0x0a, 0xc1, 0xf7, 0x99, 0xd3, 0x61,
    0xad, 0x6d, 0xdc, 0xe0, 0xb8, 0xcf, 0xe4, 0x96, 0xef, 0x30, 0x78, 0x25, 0xa6, 0xbb, 0x62, 0x24,
    0x4b, 0x83, 0x98, 0xa4, 0x81, 0xd7, 0xc7, 0x7f, 0x60, 0x67, 0xcc, 0xe0, 0x0d, 0x6c, 0x58, 0xd8,
    0x2e, 0xf3, 0x59, 0x94, 0x39, 0x5b, 0x40, 0x3c, 0x58, 0xea, 0x27, 0xbe, 0x9b, 0x9b, 0xbd, 0x6d,
    0x1b, 0xb6, 0xc6, 0xcc, 0xfd, 0x62, 0x22, 0x5d, 0xb1, 0xbb, 0xe3, 0x14, 0x88, 0x28, 0x12, 0xc7,
    0x2e, 0xf4, 0xaf, 0x51, 0x93, 0x1d, 0xa4, 0x26, 0xb8, 0x89, 0x38, 0xf9, 0xda, 0x42, 0x3a, 0x6d,
    0xe8, 0xf0, 0xa9, 0x8c, 0x2b, 0xf4, 0x27, 0x7e, 0xe4, 0x2d, 0x8d, 0x8a, 0x68, 0x2f, 0xfe, 0xc3,
    0x19, 0x06, 0x91, 0x0e, 0xec, 0x0d, 0xc9, 0x99, 0x20, 0x34, 0xc8, 0x20, 0x76, 0xca, 0x9d, 0xdf,
    0xef, 0xf9, 0xb3, 0x52, 0x67, 0xab, 0xd6, 0x25, 0x0c, 0xb2, 0xbc, 0xb2, 0xf0, 0xc8, 0x27, 0x23,
    0x42, 0x07, 0xbe, 0xda, 0x4c, 0x30, 0xcb, 0x82, 0x47, 0x56, 0x91, 0x28, 0x8d, 0x17, 0x6a, 0xdc,
    0xda, 0x98, 0x70, 0x45, 0x8a, 0x35, 0x18, 0xce, 0x81, 0x44, 0xa9, 0x4e, 0x86, 0x79, 0xc4, 0xe0,
    0xbf, 0x56, 0x36, 0x1f, 0x8d, 0xfc, 0x2c, 0xd3, 0x36, 0x48, 0xe4, 0x2f, 0x24, 0x4a, 0x99, 0xb0,
    0x47, 0x9a, 0x6c, 0xdf, 0xf3, 0xd8, 0x6b, 0x7f, 0xf1, 0x68, 0x93, 0xb7, 0xa0, 0x1a, 0x74, 0xd9,
    0x34, 0xf5, 0xc7, 0x03, 0x63, 0x33, 0x83, 0x06, 0x80, 0xe2, 0x40, 0x23, 0x95, 0xc6, 0xe3, 0x79,
    0x5e, 0x5a, 0x69, 0xa4, 0x78, 0x2d, 0xcf, 0x1f, 0xc5, 0xa9, 0x4b, 0x24, 0x8a, 0xd0, 0x8e, 0x5e,
    0xba, 0x61, 0x30, 0x89, 0x9c, 0x91, 0x8f, 0x34, 0x5e, 0xe1, 0xfb, 0x7e, 0x9f, 0x3d, 0x87, 0x15,
    0x9f, 0xb9, 0xc9, 0xa3, 0x4d, 0x77, 0x35, 0x18, 0xff, 0x9e, 0xd6, 0xe3, 0xf3, 0x12, 0x24, 0x0a,
    0xea, 0x20, 0xf6, 0x78, 0xcd, 0x0e, 0x95, 0x0b, 0xe3, 0x7b, 0x2d, 0xdf, 0x0b, 0xf2, 0x55, 0x22,
    0xc8, 0xcd, 0x36, 0x71, 0xef, 0x7e, 0xe7, 0x40, 0xdb, 0xc3, 0x0a, 0x09, 0xc6, 0x71, 0x3a, 0x83,
    0x7d, 0x91, 0x87, 0xd0, 0x34, 0x40, 0x5a, 0x6d, 0xe9, 0xf2, 0x8e, 0xae, 0xae, 0x78, 0x01, 0x86,
    0xdd, 0x47, 0xa1, 0x3b, 0xf4, 0xc3, 0xdd, 0xc3, 0xdc, 0x4d, 0xf3, 0x47, 0x9b, 0xfc, 0xe1, 0x51,
    0x10, 0x25, 0xf3, 0x9c, 0xe5, 0x67, 0x09, 0x42, 0x1e, 0x36, 0x9d, 0x98, 0x1b, 0x2c, 0xd3, 0xa9,
    0x1b, 0xce, 0xe1, 0x65, 0x77, 0xdb, 0xe9, 0x74, 0x8c, 0x2a, 0xc9, 0x28, 0x1a, 0x8b, 0x93, 0xeb,
    0xda, 0xf2, 0x55, 0x5b, 0xbd, 0x4e, 0xb9, 0xad, 0xe2, 0x07, 0x6f, 0xe1, 0xa9, 0x7b, 0x96, 0xc9,
    0xd6, 0xee, 0xe8, 0x7b, 0x60, 0xfd, 0x1d, 0xb7, 0xad, 0x76, 0x1c, 0xfe, 0x64, 0x1d, 0xa6, 0xe1,
    0x37, 0xef, 0xa5, 0xb6, 0x25, 0x42, 0xad, 0x16, 0xb0, 0xff, 0x59, 0x26, 0x10, 0x8c, 0x5a, 0xdb,
    0x2a, 0x4b, 0x6d, 0x9c, 0x25, 0x03, 0xeb, 0x3f, 0x05, 0xba, 0xe3, 0x59, 0x8a, 0x90, 0x21, 0xe1,
    0xe9, 0x92, 0x84, 0xc7, 0x19, 0x3d, 0x4a, 0x75, 0xf3, 0x8c, 0xb6, 0x7b, 0x45, 0x32, 0xa9, 0x08,
    0x32, 0x46, 0x19, 0x68, 0xb0, 0xa2, 0xa3, 0xcf, 0xc3, 0xf8, 0x4b, 0x01, 0x7c, 0x63, 0xf7, 0x55,
    0x1c, 0x69, 0x20, 0xf9, 0x23, 0x4e, 0xa2, 0x67, 0xec, 0x1e, 0xcd, 0xfd, 0x3f, 0xf8, 0x24, 0xb6,
    0x8d, 0xdd, 0x0f, 0xbe, 0xf7, 0x07, 0x9f, 0xc4, 0x03, 0x58, 0x89, 0xe9, 0xfc, 0x0f, 0x3e, 0x89,
    0xee, 0x8e, 0xb1, 0xfb, 0x2c, 0x0d, 0xfe, 0xe0, 0xb3, 0xd8, 0x82, 0x5d, 0x71, 0xe8, 0xe6, 0x7f,
    0xf0, 0x59, 0xec, 0xc0, 0xb6, 0x38, 0x9c, 0xeb, 0x04, 0xea, 0x1b, 0x18, 0x11, 0xc9, 0xf0, 0xec,
    0x65, 0x30, 0x0b, 0x72, 0x66, 0xee, 0x5b, 0xb5, 0x6c, 0x24, 0x9a, 0xcf, 0x86, 0xc0, 0x2f, 0x05,
    0x13, 0x34, 0x18, 0x88, 0x6a, 0xd0, 0x2b, 0xfc, 0x75, 0xbf, 0x10, 0x0c, 0x35, 0x70, 0x32, 0x80,
    0xd6, 0xc8, 0x9f, 0xc6, 0x21, 0xcc, 0x10, 0x5f, 0xb0, 0x01, 0x8b, 0x62, 0x16, 0x62, 0xf3, 0x2b,
    0xd9, 0xd7, 0x01, 0x88, 0x50, 0x93, 0x33, 0x39, 0x86, 0xcf, 0x1f, 0xa6, 0x6b, 0x8c, 0xc2, 0xef,
    0x89, 0x61, 0x74, 0xc4, 0x30, 0xba, 0xc0, 0xd3, 0xe4, 0x38, 0x3a, 0x95, 0x61, 0x74, 0xea, 0x47,
    0x51, 0x82, 0x52, 0x31, 0x18, 0x77, 0x18, 0x16, 0x34, 0xe6, 0x11, 0xd7, 0x31, 0x79, 0xa7, 0x68,
    0x13, 0x89, 0x13, 0x94, 0x87, 0x34, 0xd6, 0xf0, 0x17, 0x14, 0xe7, 0xf9, 0xdb, 0xea, 0x57, 0xe0,
    0xb2, 0xaf, 0xe3, 0xe2, 0xe3, 0x26, 0x6f, 0x6b, 0xb5, 0x98, 0x50, 0x27, 0x18, 0x76, 0x0a, 0xc6,
    0xb9, 0xae, 0x58, 0x98, 0xb9, 0xa7, 0x3e, 0xc8, 0x25, 0x28, 0x12, 0x1e, 0xc2, 0xcf, 0xb2, 0x34,
    0xb8, 0xa2, 0x15, 0x25, 0xff, 0xa9, 0x56, 0x46, 0x6e, 0x34, 0xf2, 0xc3, 0x03, 0x90, 0xac, 0xb0,
    0xa1, 0x27, 0xf4, 0xa4, 0x37, 0x55, 0x9e, 0x05, 0xc1, 0x67, 0x0d, 0xe9, 0xae, 0x53, 0x27, 0xdd,
    0x2d, 0x29, 0x72, 0x5d, 0x87, 0x71, 0xbc, 0x5c, 0xa9, 0xc4, 0x49, 0xed, 0xad, 0x7b, 0xad, 0xf6,
    0xb6, 0xbe, 0xea, 0x02, 0xfa, 0x09, 0x83, 0xff, 0x68, 0x4f, 0x3f, 0xb8, 0x5e, 0x1e, 0xaf, 0x8a,
    0xcc, 0xca, 0x86, 0x82, 0xb2, 0x4e, 0x01, 0xc7, 0x7f, 0x34, 0x1b, 0xe9, 0x89, 0x37, 0x72, 0x1b,
    0x76, 0x43, 0x20, 0xfa, 0x2b, 0x1f, 0x36, 0x79, 0xc3, 0x12, 0xc2, 0xf3, 0xbd, 0xce, 0xe3, 0x3e,
    0xd3, 0xbf, 0x2c, 0x49, 0xef, 0xdf, 0xdb, 0xfd, 0xe4, 0x04, 0xe4, 0xf8, 0x0c, 0xfb, 0x1f, 0xc5,
    0xec, 0x10, 0x56, 0x23, 0x17, 0x9d, 0xf7, 0xd0, 0x6a, 0xc3, 0xd4, 0xdb, 0x5b, 0xef, 0x38, 0x3d,
    0x99, 0x66, 0x53, 0xe8, 0x97, 0xaf, 0xe5, 0xe3, 0x38, 0xce, 0x8a, 0x9e, 0xf7, 0xbb, 0x7d, 0xa6,
    0xbd, 0xff, 0x05, 0x26, 0x9d, 0x68, 0x7d, 0x1f, 0x82, 0x0a, 0x0e, 0xe5, 0x34, 0xa0, 0x3f, 0x91,
    0xdd, 0x8b, 0x4f, 0xb7, 0x3b, 0x80, 0x03, 0xb3, 0x91, 0x4c, 0x5d, 0xd0, 0xb6, 0x16, 0x5a, 0x97,
    0xdb, 0xd0, 0x25, 0xbe, 0x64, 0x87, 0x8b, 0x20, 0x1f, 0x4d, 0x6f, 0xbd, 0x47, 0x58, 0xe5, 0xd2,
    0xc2, 0x1e, 0xfa, 0xf9, 0xaa, 0xc5, 0xad, 0x57, 0xce, 0xba, 0x37, 0xd4, 0xce, 0x96, 0xf6, 0x6f,
    0xcf, 0x61, 0xd2, 0xce, 0x73, 0xfd, 0x16, 0xee, 0xfd, 0x11, 0xb6, 0xf0, 0xe4, 0xc4, 0x0d, 0x63,
    0x40, 0xa7, 0xfd, 0x79, 0x1e, 0x83, 0x96, 0x3f, 0xfa, 0x5c, 0xac, 0x6b, 0xb7, 0xd7, 0x67, 0xea,
    0xf5, 0xed, 0xef, 0x21, 0xd0, 0x55, 0x4f, 0x92, 0x20, 0x82, 0xbe, 0x1f, 0xbf, 0x3c, 0x60, 0x6f,
    0x5f, 0xbc, 0xd6, 0x7a, 0x86, 0x3d, 0x24, 0x5e, 0xde, 0x3a, 0x32, 0xa1, 0x5d, 0x29, 0x2c, 0xcf,
    0x53, 0xa0, 0xd4, 0x2f, 0x34, 0x57, 0xe8, 0x33, 0x1e, 0x25, 0x89, 0xd6, 0xdf, 0xfd, 0x3e, 0x7b,
    0xf3, 0xe4, 0xed, 0x5b, 0xec, 0x74, 0x9e, 0xac, 0x83, 0xbf, 0xbd, 0xdb, 0xc2, 0xdf, 0x2d, 0x87,
    0x09, 0x83, 0xe3, 0xf5, 0xe8, 0xbb, 0xf5, 0xbb, 0x47, 0x5f, 0x80, 0x6c, 0xfe, 0x55, 0xc1, 0x75,
    0xab, 0xf3, 0xb4, 0xcf, 0x8e, 0x82, 0x99, 0xff, 0x15, 0x60, 0x73, 0xbb, 0x4b, 0x88, 0x06, 0xdb,
    0x0f, 0xc1, 0xb3, 0xc0, 0x94, 0x7d, 0x6d, 0x3f, 0xdb, 0xe9, 0x33, 0x7c, 0xc3, 0x0e, 0x73, 0x37,
    0x9f, 0x67, 0xb7, 0x8e, 0x31, 0x53, 0xdc, 0x95, 0xaa, 0x37, 0xe4, 0x29, 0xcf, 0xe1, 0x0d, 0x7b,
    0x79, 0xf0, 0xf4, 0xd6, 0xbb, 0xca, 0xa7, 0xfe, 0xcc, 0x2f, 0xa0, 0xb8, 0xff, 0x00, 0xa0, 0x88,
    0xaf, 0x6e, 0xbd, 0xa3, 0x51, 0xc1, 0x26, 0x61, 0x4e, 0x8f, 0x61, 0xd7, 0x29, 0x03, 0xf2, 0x93,
    0x5b, 0xe7, 0x94, 0xd0, 0x5f, 0x14, 0xe7, 0xc1, 0x58, 0xdb, 0x76, 0xc0, 0xa6, 0x5e, 0xe3, 0xab,
    0x60, 0x44, 0xa6, 0xbf, 0xdb, 0x5f, 0x34, 0xa4, 0x66, 0x65, 0x1a, 0x06, 0xd2, 0x72, 0x1e, 0xc7,
    0xf9, 0x94, 0xbd, 0x85, 0x26, 0x47, 0xb1, 0x77, 0xfb, 0x40, 0x8d, 0x73, 0xb7, 0x80, 0xe9, 0x01,
    0x60, 0xe5, 0xb3, 0x20, 0x9d, 0x2d, 0xdc, 0xd4, 0x67, 0xef, 0x13, 0x0f, 0xb6, 0xe0, 0xaa, 0x0e,
    0x71, 0x8f, 0x83, 0x3e, 0x00, 0x5b, 0x7e, 0x9e, 0xf9, 0x2d, 0xe8, 0xd3, 0xb8, 0xe1, 0x18, 0xa8,
    0x81, 0xc7, 0xdc, 0x50, 0x2b, 0xf6, 0x06, 0x00, 0xfa, 0x1d, 0x68, 0x04, 0x28, 0x11, 0x20, 0x15,
    0x1f, 0xc7, 0x29, 0xdb, 0x4f, 0x92, 0xdb, 0x9d, 0xfa, 0x28, 0x8e, 0xc6, 0x30, 0xd3, 0x9e, 0xd9,
    0x78, 0xe7, 0x0f, 0x01, 0xc4, 0x0c, 0xd0, 0x98, 0x8d, 0x38, 0x6d, 0xdb, 0x6b, 0xd8, 0xe3, 0x79,
    0x34, 0xc2, 0x45, 0x36, 0xad, 0xf3, 0xb1, 0x0f, 0x32, 0x89, 0xd9, 0xd8, 0x74, 0x93, 0x60, 0x73,
    0x14, 0xcf, 0x66, 0x6e, 0xe4, 0xed, 0xb9, 0xf4, 0x71, 0x90, 0x52, 0xd5, 0x86, 0xd5, 0x86, 0xca,
    0x91, 0xa9, 0xd5, 0xc9, 0x63, 0x37, 0xcb, 0x55, 0xd3, 0x19, 0xa8, 0xc4, 0xc0, 0xa6, 0x84, 0x42,
    0xd2, 0xb0, 0x2e, 0xe1, 0xff, 0xd4, 0xf8, 0x34, 0x05, 0x39, 0x9d, 0x0c, 0x5d, 0xb3, 0xb7, 0xf5,
    0xd0, 0xde, 0x79, 0x80, 0xff, 0xdf, 0xee, 0x3c, 0x50, 0x87, 0x73, 0xfa, 0xa1, 0x9b, 0xe7, 0x46,
    0x13, 0x3c, 0x21, 0xad, 0x79, 0xa7, 0x8b, 0x54, 0xbc, 0xf3, 0x75, 0xd8, 0xc3, 0xd6, 0xf7, 0xb2,
    0x87, 0x6c, 0x94, 0x06, 0x49, 0xbe, 0x7b, 0x47, 0x42, 0x80, 0xc9, 0x13, 0xaa, 0xc8, 0x3a, 0xf7,
    0xe2, 0xd1, 0x7c, 0x06, 0x00, 0x68, 0xff, 0x7d, 0xee, 0xa7, 0x67, 0x87, 0xa4, 0xe9, 0xc5, 0xe9,
    0x7e, 0x18, 0x9a, 0x46, 0x71, 0x1c, 0x68, 0x58, 0x6d, 0x58, 0xe5, 0x03, 0x17, 0x00, 0xad, 0xa0,
    0x98, 0xd8, 0x81, 0x75, 0x9e, 0xb4, 0x69, 0x79, 0x5f, 0x06, 0x59, 0xde, 0xce, 0xe3, 0xc9, 0x04,
    0xf0, 0xc4, 0x10, 0xc7, 0x54, 0x76, 0x30, 0x18, 0x0c, 0x22, 0x00, 0x65, 0xff, 0x9a, 0x2e, 0xea,
    0x1a, 0xcf, 0xb1, 0xf1, 0xfc, 0x9b, 0x1a, 0x9f, 0xf8, 0xf9, 0x41, 0xe8, 0xe3, 0xcf, 0xc7, 0x67,
    0x2f, 0x3c, 0x13, 0x6d, 0xf6, 0x56, 0x9b, 0xe0, 0xd6, 0x16, 0x60, 0x03, 0x55, 0x1c, 0x4d, 0xeb,
    0xd7, 0x54, 0xa1, 0x93, 0x91, 0xe7, 0x47, 0xaf, 0x5e, 0x0e, 0x0c, 0xe3, 0xf2, 0x0e, 0x2c, 0x1f,
    0x7b, 0xba, 0xff, 0x97, 0xc3, 0xc1, 0xb1, 0x71, 0x38, 0x8f, 0x0c, 0xdb, 0x78, 0x15, 0xe3, 0xbf,
    0x47, 0x73, 0x18, 0x83, 0xf1, 0xc1, 0xf7, 0xf0, 0xf7, 0x74, 0x0e, 0xff, 0x3e, 0x4b, 0x03, 0xf8,
    0xf7, 0xd0, 0xcd, 0x8d, 0x4f, 0x7d, 0xaa, 0xf5, 0xe4, 0xf9, 0xfe, 0xbb, 0x3f, 0x1d, 0xbc, 0x3b,
    0x39, 0xfa, 0xeb, 0xc0, 0x78, 0x7f, 0xf4, 0xc4, 0xe8, 0xdf, 0xc9, 0xd3, 0xb3, 0x73, 0xed, 0xed,
    0x8b, 0x28, 0x0f, 0xdb, 0x4f, 0x61, 0x0f, 0x23, 0x53, 0x7b, 0x16, 0xa7, 0x33, 0x17, 0x34, 0xd6,
    0x76, 0xea, 0x67, 0x71, 0x78, 0xea, 0x7b, 0x6f, 0x48, 0xf9, 0xce, 0xe0, 0x0d, 0x1a, 0xc3, 0xff,
    0x0a, 0x03, 0xbf, 0xb8, 0xa0, 0x76, 0x2e, 0x81, 0xbc, 0x01, 0xa8, 0x7c, 0xeb, 0x9c, 0x8f, 0x2e,
    0xff, 0xfa, 0x0e, 0x44, 0xad, 0xb3, 0x01, 0xdf, 0x07, 0x46, 0xdd, 0x3e, 0x18, 0xc2, 0xbb, 0x8d,
    0x99, 0x9f, 0x0f, 0x26, 0x27, 0xf9, 0xd7, 0x68, 0x23, 0x71, 0xd3, 0x41, 0x34, 0x0f, 0x43, 0xc3,
    0x3e, 0xcf, 0x82, 0x49, 0xe4, 0x86, 0xce, 0x3e, 0xa0, 0x71, 0x7e, 0x48, 0xbf, 0xa9, 0x3b, 0xd8,
    0xa4, 0xe6, 0x83, 0x4e, 0xa7, 0x03, 0x00, 0xae, 0xec, 0x9d, 0xd4, 0x3a, 0x4f, 0x41, 0xac, 0x49,
    0x23, 0x96, 0xb6, 0xff, 0x96, 0xe1, 0x66, 0x5a, 0x2a, 0xe2, 0x59, 0xe7, 0xc1, 0xd8, 0xf4, 0xda,
    0xe9, 0xc6, 0x06, 0xfc, 0x43, 0xed, 0x21, 0xcb, 0xb6, 0xb4, 0xa9, 0xeb, 0xef, 0xa1, 0x3e, 0x9f,
    0x91, 0xb6, 0x3f, 0x61, 0x5d, 0xef, 0x6c, 0x6e, 0xb2, 0x3f, 0x81, 0xd4, 0x26, 0xf6, 0x7c, 0x2b,
    0xff, 0x8a, 0x76, 0x93, 0x79, 0xee, 0x67, 0xad, 0x78, 0x3c, 0xce, 0xe0, 0xcb, 0x38, 0x8d, 0x67,
    0x0c, 0x20, 0xc2, 0x4c, 0xbf, 0x3d, 0x69, 0xb3, 0xfd, 0x83, 0xc3, 0x23, 0x36, 0x60, 0x4d, 0x50,
    0x21, 0xac, 0x36, 0x70, 0x9c, 0x59, 0x02, 0x85, 0x3d, 0x6c, 0x86, 0x0a, 0x22, 0xfd, 0x18, 0xa6,
    0xf1, 0x22, 0xf3, 0x53, 0x23, 0x63, 0x08, 0x7b, 0x96, 0xcd, 0x93, 0x04, 0xe6, 0xcd, 0xb2, 0x98,
    0x05, 0x39, 0x9b, 0x02, 0xc0, 0xf0, 0xfc, 0xf5, 0x29, 0x34, 0x33, 0x8a, 0xd3, 0x14, 0x90, 0x34,
    0x3c, 0x63, 0xee, 0x28, 0x8d, 0xb3, 0x0c, 0x5b, 0xc1, 0x06, 0xce, 0x7c, 0x37, 0x6d, 0x23, 0xfb,
    0x64, 0x71, 0xe8, 0x31, 0x37, 0x49, 0xd2, 0x18, 0xd0, 0x96, 0x01, 0x85, 0xf4, 0x18, 0xae, 0x24,
    0xa0, 0x29, 0x08, 0x98, 0x6e, 0xe8, 0x1f, 0xe6, 0xa8, 0x9b, 0x31, 0xa2, 0x1b, 0x2d, 0xf8, 0x9d,
    0x50, 0x13, 0x8b, 0x69, 0x00, 0xa5, 0xb3, 0x20, 0x04, 0x8c, 0x83, 0xb6, 0x67, 0x41, 0xd6, 0x82,
    0x36, 0xc2, 0x00, 0x6a, 0x63, 0xeb, 0x62, 0x5e, 0x0b, 0x80, 0xa6, 0x3e, 0x5c, 0x58, 0x61, 0xe6,
    0x05, 0xe3, 0xb1, 0x9f, 0x6a, 0xd3, 0x29, 0x80, 0x69, 0xc3, 0x6e, 0x0e, 0xc6, 0x39, 0x9d, 0xd3,
    0xba, 0xa7, 0x3e, 0x43, 0xb8, 0x66, 0x6c, 0x78, 0xc6, 0xa6, 0xf1, 0x3c, 0xcd, 0xda, 0xc5, 0xa6,
    0xcf, 0xbf, 0xbe, 0xa1, 0x0e, 0x5e, 0x71, 0x30, 0x9a, 0xf9, 0x57, 0xeb, 0x1c, 0x88, 0x05, 0x62,
    0x25, 0x51, 0x1c, 0x44, 0x26, 0x6f, 0x10, 0xf9, 0x0b, 0x9a, 0x8a, 0x09, 0x4b, 0x20, 0xdf, 0x8e,
    0x67, 0x39, 0xbd, 0xaf, 0xc3, 0x58, 0xc3, 0x8f, 0x5a, 0xef, 0x0f, 0x01, 0x95, 0x24, 0x9a, 0x3a,
    0xf9, 0x57, 0x1b, 0xe1, 0xe4, 0xa0, 0xe1, 0xcb, 0x4f, 0x83, 0x91, 0x61, 0xcf, 0xe2, 0x28, 0x9f,
    0x3a, 0x46, 0xaf, 0xe5, 0x05, 0x93, 0x20, 0x37, 0x6c, 0x0f, 0x48, 0x58, 0xf1, 0x84, 0xe3, 0xd4,
    0x1e, 0xf9, 0x2a, 0x6b, 0x2f, 0x32, 0xd0, 0x0f, 0x81, 0xfa, 0x96, 0x2b, 0x74, 0x7b, 0xce, 0xd8,
    0x0d, 0x33, 0xff, 0x52, 0x1b, 0x66, 0x32, 0x38, 0xbf, 0xec, 0xc3, 0x58, 0x91, 0x9c, 0xc0, 0xd0,
    0x8e, 0xe2, 0xb7, 0xa0, 0x3f, 0x66, 0x80, 0x8f, 0xcb, 0xf4, 0xe5, 0x0b, 0x90, 0xae, 0xe3, 0x2f,
    0x6d, 0x34, 0xd0, 0x7d, 0x1a, 0x7c, 0x69, 0x93, 0xdd, 0x4b, 0x36, 0x05, 0x20, 0x46, 0xec, 0x89,
    0x81, 0xbd, 0xe1, 0x2a, 0x34, 0x16, 0x6e, 0x18, 0xb6, 0x46, 0xa8, 0x53, 0xb0, 0x00, 0xa1, 0xd8,
    0x60, 0x6e, 0xc6, 0x82, 0x31, 0xe2, 0x0c, 0xe8, 0xe1, 0x3e, 0xa2, 0xa0, 0x8d, 0x25, 0x23, 0x5a,
    0x25, 0x76, 0x9a, 0x51, 0x35, 0xd0, 0x7f, 0x42, 0xfc, 0xd4, 0x56, 0xc3, 0xc3, 0x76, 0x7c, 0x6f,
    0x40, 0x78, 0x02, 0x1f, 0xcc, 0x66, 0xd2, 0x46, 0x38, 0xd9, 0xf0, 0x97, 0x00, 0xd4, 0xea, 0xe2,
    0x4f, 0x80, 0x0d, 0xfe, 0xc1, 0x39, 0x0e, 0x06, 0x46, 0x6f, 0xdb, 0xd8, 0xeb, 0x38, 0xe2, 0x99,
    0x4a, 0x12, 0x74, 0xf0, 0x17, 0x07, 0x8b, 0x18, 0xb3, 0xd8, 0x93, 0xaf, 0xdc, 0x7c, 0xda, 0x26,
    0xa4, 0x33, 0x4d, 0xde, 0x5d, 0xcb, 0x43, 0x2a, 0x87, 0xeb, 0x65, 0x5a, 0xd6, 0x26, 0xec, 0x0d,
    0xd8, 0x1d, 0x58, 0xa5, 0xa0, 0x22, 0xa2, 0x6a, 0xe7, 0xf2, 0xce, 0x65, 0x81, 0x2b, 0xf3, 0x7c,
    0x74, 0xc4, 0x51, 0xd9, 0x9c, 0x4e, 0x67, 0x33, 0x42, 0x14, 0x9c, 0xc3, 0x74, 0x00, 0xc4, 0x23,
    0xf3, 0x01, 0x11, 0xe8, 0x7d, 0x3b, 0x03, 0x6e, 0xed, 0x9b, 0x1d, 0xbb, 0x67, 0x59, 0xf6, 0xac,
    0xf6, 0x1b, 0x7c, 0xe9, 0x8b, 0xca, 0x80, 0xdf, 0x83, 0x2a, 0x12, 0x16, 0x78, 0x2c, 0xc8, 0x9b,
    0xd5, 0xa7, 0x15, 0x10, 0x7b, 0x1d, 0x5d, 0x4b, 0x72, 0xa8, 0x88, 0x90, 0x14, 0xad, 0xe4, 0x20,
    0x12, 0x85, 0x83, 0xe9, 0x4f, 0x3b, 0x9d, 0xe6, 0xac, 0x09, 0x4d, 0x62, 0xeb, 0xfc, 0x9d, 0x69,
    0xd2, 0xdf, 0x1f, 0xbb, 0xdb, 0xdb, 0x1d, 0xab, 0x49, 0xff, 0xd2, 0x6f, 0xde, 0x22, 0x1e, 0xf2,
    0x41, 0x41, 0xd6, 0x69, 0xb7, 0x7b, 0x5b, 0xce, 0xbd, 0x87, 0xa2, 0xb9, 0x70, 0x3a, 0x20, 0xa8,
    0x8d, 0xc3, 0x38, 0x4e, 0x79, 0x03, 0x00, 0x26, 0xcb, 0x0e, 0x67, 0x03, 0xde, 0xda, 0x4e, 0x07,
    0x7b, 0x10, 0x50, 0x32, 0x8d, 0x8e, 0xd1, 0x0c, 0xa7, 0x96, 0x98, 0x5c, 0xab, 0x67, 0x35, 0x0d,
    0xc7, 0x68, 0xf2, 0xd7, 0x33, 0xed, 0x75, 0x5f, 0x87, 0x66, 0x88, 0x80, 0x3c, 0x8a, 0xdf, 0xe7,
    0xa3, 0x32, 0x34, 0x93, 0x01, 0x07, 0x14, 0x90, 0x00, 0xd8, 0x48, 0x8e, 0xa1, 0x20, 0xa5, 0x81,
    0x39, 0x39, 0xee, 0x7c, 0x2a, 0xc1, 0x36, 0x39, 0xee, 0x7e, 0xfa, 0x56, 0x90, 0xd6, 0x80, 0xae,
    0xb5, 0x1e, 0xe8, 0x44, 0xcd, 0xf9, 0x0a, 0x28, 0xcd, 0x57, 0x43, 0x69, 0x5e, 0x82, 0x12, 0x7f,
    0xb5, 0x12, 0x42, 0xff, 0x68, 0xce, 0xec, 0xd0, 0x3a, 0xc7, 0xae, 0xdc, 0x64, 0x50, 0x2f, 0x30,
    0xe8, 0x02, 0x89, 0xf0, 0x4f, 0x82, 0xa9, 0x61, 0x95, 0x74, 0xe0, 0x26, 0x7b, 0x6e, 0x52, 0x2d,
    0x7e, 0x1c, 0x78, 0xff, 0x3c, 0xf8, 0x7b, 0xfa, 0xc9, 0xb0, 0x1c, 0x64, 0x77, 0x7d, 0xe0, 0x4a,
    0x77, 0x53, 0x2b, 0x1d, 0x5c, 0xc9, 0xff, 0x45, 0x29, 0x21, 0x22, 0x1a, 0xaf, 0x63, 0x98, 0x54,
    0x36, 0x0f, 0x73, 0xc6, 0x7d, 0x70, 0xc6, 0xb8, 0xb9, 0x80, 0xd1, 0xfb, 0x69, 0x1a, 0x63, 0x69,
    0x3e, 0xe3, 0xcb, 0xb4, 0x2a, 0x69, 0x90, 0xc3, 0x94, 0xd1, 0x4f, 0x35, 0x71, 0xa2, 0x71, 0xa5,
    0x0b, 0x46, 0xa3, 0x19, 0x36, 0x1b, 0xed, 0x76, 0xbb, 0x41, 0x33, 0xf2, 0xe2, 0x67, 0xc8, 0xce,
    0x07, 0x4b, 0x72, 0xee, 0xd5, 0xfc, 0xdd, 0x80, 0x2d, 0x61, 0xac, 0xc9, 0xdf, 0xbb, 0xf7, 0x6a,
    0x19, 0xfc, 0x17, 0x45, 0x11, 0xbe, 0x5c, 0xc7, 0xe0, 0x09, 0x06, 0x50, 0x5c, 0x17, 0x99, 0xf8,
    0x1c, 0xb9, 0xb8, 0xda, 0xa8, 0x91, 0x80, 0x1b, 0xbb, 0x46, 0x53, 0xd4, 0x6c, 0x1a, 0x62, 0xea,
    0x46, 0x01, 0xc5, 0xa2, 0xa5, 0x67, 0x88, 0x11, 0x36, 0x08, 0x0a, 0x17, 0x17, 0x9e, 0xb5, 0x2c,
    0x23, 0xf8, 0x37, 0xe8, 0x17, 0xe4, 0x04, 0x60, 0x8d, 0x99, 0x3b, 0x01, 0x51, 0xca, 0xb7, 0x8a,
    0xee, 0x41, 0xde, 0xc7, 0x55, 0x9f, 0x81, 0x48, 0x69, 0xa4, 0x27, 0xd9, 0x68, 0x9a, 0x19, 0x1b,
    0x1b, 0x42, 0xac, 0x02, 0x44, 0xe0, 0x3f, 0x38, 0x0c, 0xc4, 0xba, 0x58, 0x97, 0x3e, 0xf0, 0x9e,
    0x73, 0xf1, 0x04, 0x20, 0xd2, 0x50, 0x99, 0x0f, 0x3c, 0xe5, 0xc8, 0x3c, 0x85, 0x55, 0xd7, 0x4c,
    0x29, 0x4b, 0x9e, 0x87, 0xda, 0x40, 0xdd, 0x11, 0x1e, 0xcd, 0x55, 0x1d, 0x2b, 0x77, 0x50, 0xb0,
    0x27, 0xdc, 0xe0, 0xd2, 0x7c, 0x43, 0x8d, 0x74, 0xb2, 0xc8, 0x72, 0xd7, 0xe0, 0xdd, 0x64, 0x83,
    0xf3, 0x8e, 0x63, 0x3c, 0x0d, 0x40, 0x07, 0x05, 0x90, 0x8c, 0x72, 0x94, 0x4b, 0xbb, 0x8e, 0xf1,
    0xa4, 0x78, 0xea, 0xa9, 0x27, 0xf4, 0x9f, 0xbd, 0xec, 0x4f, 0x9b, 0x03, 0x90, 0x2e, 0x4c, 0x03,
    0x8d, 0x1c, 0xc0, 0x62, 0x8f, 0xd3, 0x4f, 0x40, 0x2c, 0x9e, 0x80, 0x06, 0xcb, 0x8c, 0x66, 0xca,
    0xa7, 0xc7, 0x34, 0x98, 0xf8, 0x19, 0xf4, 0x24, 0xeb, 0xbc, 0x44, 0x9a, 0x7c, 0xc8, 0x3d, 0x72,
    0x0c, 0x3b, 0x6d, 0x03, 0x42, 0xc3, 0xb8, 0xe5, 0xd7, 0x23, 0xa4, 0x07, 0xf2, 0x73, 0x86, 0xdf,
    0xf1, 0x44, 0x70, 0xb9, 0x49, 0x04, 0xb3, 0x18, 0xfd, 0x68, 0x00, 0x85, 0xa4, 0x8f, 0xd9, 0xc5,
    0x45, 0x4a, 0x7b, 0x70, 0x3f, 0x4d, 0xdd, 0xb3, 0x76, 0x90, 0xd1, 0x5f, 0x33, 0x1b, 0x59, 0xc5,
    0x00, 0x94, 0x3f, 0x1a, 0x6c, 0xc4, 0xd7, 0x28, 0xd2, 0xcb, 0x7d, 0xc8, 0xa6, 0x97, 0xd9, 0x68,
    0x99, 0xdb, 0x67, 0xa8, 0x4d, 0xd0, 0xb6, 0x82, 0x8d, 0x67, 0xf4, 0xe1, 0xbb, 0x89, 0x4f, 0xc3,
    0x41, 0xa7, 0x3f, 0x7c, 0x74, 0xbf, 0x3f, 0x6c, 0x36, 0x2d, 0xe8, 0x31, 0x43, 0xde, 0x9b, 0x6d,
    0x98, 0xdd, 0x47, 0x8f, 0x86, 0x96, 0xe5, 0x65, 0xcd, 0x01, 0x0a, 0xfe, 0xc7, 0xc3, 0x4f, 0x4d,
    0x83, 0x19, 0x38, 0xbd, 0xd2, 0x52, 0x2e, 0x1d, 0x9c, 0x0e, 0x27, 0x56, 0xe5, 0x84, 0xf4, 0x81,
    0xe6, 0xad, 0xf6, 0xa0, 0xe2, 0x59, 0x22, 0xdc, 0x1f, 0xeb, 0x4e, 0x6b, 0xff, 0x36, 0xcf, 0xf2,
    0x60, 0x7c, 0xd6, 0x92, 0x1e, 0xc3, 0xe4, 0x52, 0xda, 0x1a, 0xfa, 0xf9, 0xc2, 0xf7, 0xf1, 0x24,
    0x6f, 0xa8, 0xfc, 0x1e, 0x59, 0xa3, 0x69, 0x06, 0xcd, 0xae, 0x85, 0xc8, 0x31, 0x2c, 0x7b, 0x05,
    0x0d, 0x5d, 0x6f, 0x42, 0xdf, 0xb3, 0xb6, 0xcf, 0x4f, 0x06, 0xf7, 0xf8, 0x3b, 0x75, 0xee, 0xe6,
    0x88, 0xe7, 0x85, 0x9b, 0x46, 0x88, 0x13, 0xd0, 0x0a, 0x62, 0x9a, 0x5e, 0x61, 0x9f, 0x13, 0x59,
    0xc7, 0x00, 0x06, 0x63, 0x50, 0x2f, 0xdc, 0xaf, 0x48, 0x60, 0xa2, 0x5a, 0x71, 0xf4, 0xd6, 0xb1,
    0x35, 0x91, 0x21, 0x03, 0x6a, 0x08, 0xa2, 0x17, 0x6c, 0x31, 0xd6, 0x02, 0x7c, 0xaa, 0x7c, 0x89,
    0x13, 0xab, 0xc0, 0x16, 0x74, 0xda, 0x01, 0x81, 0x30, 0x6b, 0x83, 0x90, 0x3c, 0x33, 0x2d, 0x40,
    0x42, 0xb1, 0xa0, 0xb2, 0x80, 0x76, 0xce, 0x6b, 0xd8, 0x50, 0x7f, 0x36, 0x4a, 0x1f, 0x0d, 0xba,
    0x17, 0x17, 0xf4, 0x6b, 0x77, 0xb0, 0xd5, 0xb3, 0xf6, 0x90, 0x48, 0xf3, 0x33, 0x52, 0x87, 0xde,
    0x42, 0xb7, 0xfb, 0x9c, 0x90, 0x43, 0xb3, 0xa8, 0x3d, 0xe4, 0x1b, 0x1b, 0xf2, 0x17, 0x89, 0x7c,
    0x83, 0x41, 0xd7, 0x92, 0xed, 0xeb, 0x87, 0xb8, 0xd4, 0x81, 0x28, 0x47, 0x22, 0xe1, 0x66, 0x17,
    0x69, 0x24, 0xb4, 0xf7, 0xf9, 0xc3, 0x14, 0x5a, 0x24, 0x14, 0xae, 0xaf, 0x58, 0x8c, 0xc1, 0xe2,
    0xa8, 0xc2, 0x61, 0x74, 0xc9, 0xf9, 0x09, 0x20, 0x25, 0xc8, 0xfc, 0x93, 0x7c, 0x6a, 0xad, 0x46,
    0xe1, 0xea, 0x06, 0xf1, 0x46, 0xb8, 0xbb, 0xe1, 0x19, 0x47, 0x0c, 0x12, 0x50, 0x8a, 0xaf, 0xe3,
    0xe1, 0xdf, 0x60, 0x0b, 0x6b, 0x7b, 0xf1, 0xcf, 0x71, 0x98, 0x03, 0x41, 0x63, 0x2f, 0xbb, 0xb8,
    0xd3, 0x4e, 0xbb, 0x30, 0xd6, 0x3f, 0xf3, 0xb9, 0xc3, 0x53, 0xcf, 0x5a, 0x2a, 0xd6, 0xa3, 0x62,
    0xbd, 0x52, 0xb1, 0xad, 0xe5, 0x62, 0x5b, 0x54, 0x6c, 0x4b, 0x14, 0xab, 0xac, 0x05, 0x75, 0x95,
    0x60, 0x57, 0x1f, 0x64, 0x1b, 0x49, 0xd1, 0x95, 0x28, 0x44, 0x1d, 0x25, 0xbd, 0x52, 0xa1, 0xad,
    0x6a, 0x21, 0xea, 0x26, 0xd9, 0x12, 0x85, 0xe4, 0xc7, 0x27, 0xf3, 0x14, 0x9d, 0xac, 0xa9, 0x23,
    0xa8, 0x36, 0xea, 0xc2, 0x32, 0x00, 0x0f, 0x8a, 0x9f, 0x05, 0x5f, 0x7c, 0xcf, 0xec, 0x5a, 0xc5,
    0xfa, 0xc2, 0xc7, 0xa2, 0x63, 0x55, 0xad, 0xc7, 0xab, 0xf5, 0xae, 0xaa, 0xb6, 0xb5, 0x5c, 0x6d,
    0x8b, 0x57, 0xdb, 0xaa, 0xaf, 0x56, 0x26, 0x6f, 0x7c, 0xf1, 0xa9, 0x82, 0x40, 0x92, 0x72, 0x0d,
    0xc2, 0x17, 0xce, 0x24, 0x2a, 0xf8, 0x42, 0x47, 0xa5, 0xb0, 0xe8, 0x44, 0x66, 0xcb, 0x6b, 0x4e,
    0x67, 0x35, 0x6b, 0xac, 0xb9, 0x3a, 0xc8, 0x40, 0xe8, 0xa9, 0xcd, 0x2a, 0x1c, 0x00, 0x0c, 0xe2,
    0x03, 0xfc, 0xa7, 0x98, 0x2c, 0x72, 0x7c, 0x35, 0x5d, 0xac, 0xc7, 0xf6, 0xc7, 0x34, 0x08, 0xfe,
    0x09, 0x86, 0xcb, 0x75, 0x89, 0xac, 0x3a, 0x64, 0xbd, 0xa3, 0xfa, 0x0e, 0x96, 0x66, 0x80, 0x27,
    0xb6, 0x82, 0xac, 0xfb, 0x33, 0xe2, 0x4a, 0x78, 0x92, 0x67, 0x1e, 0xc6, 0x21, 0xbc, 0x69, 0xb2,
    0x3f, 0xa5, 0x81, 0x67, 0x11, 0x6f, 0x7a, 0x06, 0x02, 0x0a, 0x3c, 0x02, 0x49, 0x93, 0x5f, 0xdf,
    0x44, 0xe1, 0x99, 0x65, 0x10, 0x2b, 0xbe, 0x72, 0xfa, 0xdc, 0x24, 0x4f, 0x73, 0xcf, 0x7c, 0x8d,
    0x48, 0xbd, 0x88, 0x94, 0x50, 0x28, 0x8b, 0xbe, 0x02, 0x86, 0x26, 0x0b, 0x9a, 0xfe, 0xec, 0x18,
    0x7f, 0xcd, 0x90, 0xd3, 0xbd, 0x12, 0x9c, 0x0e, 0x9f, 0x2d, 0x41, 0xdf, 0x54, 0x2d, 0x3e, 0x1c,
    0x8e, 0xa2, 0x47, 0x44, 0x0d, 0x78, 0x1b, 0x49, 0xd3, 0xf8, 0x71, 0x69, 0x55, 0xe5, 0x39, 0xa5,
    0x61, 0x63, 0xfb, 0xd8, 0x76, 0xed, 0xca, 0x26, 0xd3, 0x6c, 0xb1, 0xc6, 0xd2, 0xea, 0xe7, 0xac,
    0xd7, 0xae, 0x6e, 0x79, 0x24, 0x95, 0xaa, 0x6b, 0xad, 0x97, 0x3c, 0xa4, 0x5b, 0x63, 0x64, 0xe2,
    0xbc, 0x8e, 0x36, 0x6c, 0x10, 0x11, 0x9d, 0x46, 0xcb, 0x69, 0xae, 0x93, 0x87, 0x17, 0xaf, 0xd9,
    0x9f, 0xfd, 0x54, 0x8a, 0x05, 0xa7, 0xfc, 0xa7, 0x22, 0xe9, 0xe5, 0xe1, 0xaa, 0xf6, 0xea, 0xe0,
    0x45, 0x07, 0xf0, 0x5a, 0xe7, 0x2f, 0x9e, 0xbc, 0x05, 0xdd, 0xf6, 0x0b, 0x13, 0x7b, 0x15, 0x5a,
    0x6f, 0x1a, 0xfb, 0x55, 0x92, 0x49, 0x27, 0xe7, 0x6b, 0xcc, 0xe4, 0xe9, 0x59, 0xe4, 0xce, 0x82,
    0x51, 0xf9, 0x18, 0x1d, 0x07, 0xec, 0x9d, 0x25, 0xd9, 0x8a, 0x7d, 0xa4, 0x10, 0x0a, 0x06, 0xc1,
    0xeb, 0xbd, 0x85, 0xff, 0xc4, 0x59, 0x1b, 0xd6, 0x9d, 0x8d, 0x92, 0x64, 0x8f, 0xff, 0x69, 0x1a,
    0x1f, 0xa0, 0xf2, 0xfb, 0x88, 0xd8, 0x41, 0xb9, 0x76, 0x10, 0x69, 0x53, 0x40, 0x5d, 0xfe, 0x05,
    0xcd, 0xa3, 0xa0, 0x7c, 0xbc, 0xc1, 0x0c, 0x0d, 0x0d, 0x7f, 0x02, 0xe1, 0x22, 0xc1, 0x62, 0xd1,
    0x68, 0x3a, 0x11, 0xc0, 0x23, 0xa5, 0x51, 0x09, 0x7b, 0x7c, 0x70, 0xb8, 0x99, 0xe4, 0x98, 0x51,
    0xcc, 0x13, 0xfb, 0xe1, 0xb2, 0x42, 0xb5, 0xd5, 0x3c, 0x93, 0xec, 0x0a, 0x34, 0xcd, 0xbf, 0x46,
    0x1a, 0xa4, 0xe4, 0x69, 0x9b, 0xa4, 0x14, 0x5f, 0xc9, 0x0a, 0x99, 0x16, 0x2b, 0xd9, 0x78, 0x94,
    0xa4, 0x7e, 0xd9, 0xfb, 0xc7, 0xe9, 0x94, 0x22, 0x61, 0xe0, 0x3b, 0xf9, 0xd8, 0x96, 0x7c, 0xc3,
    0xc8, 0x73, 0xbd, 0xd1, 0xfc, 0x1f, 0x87, 0x6f, 0x5e, 0x83, 0x3c, 0x80, 0xc3, 0x02, 0x79, 0xc7,
    0x4c, 0x6d, 0x54, 0x5a, 0xec, 0x1e, 0x09, 0x1a, 0x50, 0x0f, 0xb8, 0xa7, 0x92, 0xea, 0x2a, 0xa6,
    0x6b, 0x31, 0x16, 0xd0, 0x8a, 0x0e, 0x4c, 0x23, 0xff, 0x0a, 0x98, 0xa0, 0x15, 0x70, 0x4f, 0xfd,
    0xa3, 0xaf, 0x26, 0xa7, 0x41, 0xf9, 0xd7, 0xd5, 0xda, 0x5e, 0xfe, 0x55, 0x04, 0xe2, 0x18, 0x16,
    0xe7, 0xf6, 0x7d, 0xae, 0x93, 0x57, 0x86, 0x75, 0x2e, 0x67, 0xee, 0xe4, 0x5f, 0x81, 0x9d, 0x0b,
    0xbd, 0xf0, 0xd0, 0x3d, 0x45, 0x8b, 0x9b, 0xfc, 0x06, 0x8a, 0x1b, 0x60, 0x72, 0x10, 0x8d, 0x81,
    0x7e, 0xf7, 0xd7, 0xd1, 0xd4, 0x32, 0x65, 0x89, 0x35, 0x9a, 0x7e, 0x84, 0x47, 0x47, 0xef, 0xdf,
    0xbd, 0x20, 0xb3, 0x53, 0x84, 0x11, 0x5d, 0x89, 0x75, 0xb5, 0xee, 0xd6, 0xb9, 0x25, 0xdd, 0x8d,
    0xcf, 0x46, 0x3c, 0x2a, 0xad, 0x96, 0xaf, 0xaf, 0x66, 0xaf, 0xcd, 0xbf, 0xca, 0x79, 0x4b, 0xd0,
    0xe3, 0xd6, 0x47, 0x6b, 0x8a, 0xd1, 0xcc, 0xbf, 0xda, 0x86, 0x94, 0x29, 0x01, 0xa1, 0xea, 0x34,
    0x35, 0x51, 0xf7, 0x00, 0x5b, 0x77, 0xa0, 0x8a, 0xd2, 0xc3, 0x8a, 0x1e, 0xf5, 0x15, 0x3c, 0xa0,
    0xfd, 0xfb, 0x2b, 0x59, 0x03, 0x08, 0x5e, 0xfd, 0x55, 0xfa, 0x3b, 0xd7, 0xe1, 0x40, 0x67, 0x10,
    0x44, 0x05, 0x77, 0x89, 0xf4, 0x30, 0xc0, 0x8d, 0x02, 0x3b, 0x60, 0xda, 0xd3, 0xfc, 0x0c, 0x34,
    0x1f, 0x03, 0xf4, 0xab, 0xd7, 0x44, 0xfc, 0x9a, 0x18, 0x84, 0x6f, 0x0b, 0xc9, 0x68, 0x94, 0x8c,
    0x09, 0xd3, 0xfe, 0x7a, 0xf6, 0x7e, 0x90, 0x28, 0xd6, 0xb5, 0x07, 0x7c, 0x0f, 0x4e, 0xdd, 0xd9,
    0xfc, 0x89, 0xcc, 0xe2, 0x6f, 0xe7, 0x61, 0x06, 0x20, 0x7b, 0xb5, 0xff, 0x4f, 0xc2, 0x16, 0x94,
    0xb1, 0x14, 0xcd, 0xa5, 0x2e, 0x3a, 0x36, 0x02, 0x51, 0xe3, 0xbe, 0x90, 0xcc, 0xec, 0x0c, 0x3c,
    0x41, 0xbf, 0x6c, 0x16, 0xc5, 0x51, 0xeb, 0xab, 0x9f, 0xc6, 0x03, 0xc1, 0xec, 0xd0, 0xa0, 0x29,
    0x4d, 0xfd, 0xf3, 0x28, 0x0f, 0xc2, 0x16, 0x42, 0xdb, 0x6a, 0x63, 0x84, 0x08, 0xd4, 0x1d, 0xcb,
    0x03, 0x50, 0xd9, 0xc1, 0xb9, 0xa8, 0x67, 0xd3, 0x6e, 0xbc, 0x6c, 0xb3, 0xe7, 0x64, 0xc9, 0x67,
    0xa0, 0x41, 0x4f, 0xdb, 0xec, 0xa7, 0x4d, 0x3a, 0x25, 0xf1, 0x23, 0x3b, 0x9f, 0xd9, 0x59, 0x30,
    0x4b, 0x60, 0x31, 0xc8, 0x72, 0xdc, 0xbf, 0x23, 0x4f, 0x29, 0x04, 0xb7, 0x80, 0xdf, 0x25, 0x7e,
    0xe1, 0x47, 0x74, 0x4e, 0x21, 0x59, 0x70, 0x9e, 0xce, 0x7d, 0x6e, 0x73, 0xee, 0xe7, 0xb3, 0x81,
    0x59, 0x54, 0x22, 0x08, 0x62, 0x4d, 0xe1, 0xe8, 0x69, 0xed, 0xc9, 0x97, 0xa0, 0xe3, 0xf7, 0x2f,
    0xef, 0x48, 0x12, 0x5b, 0xee, 0x46, 0x16, 0x3e, 0x17, 0x63, 0xc2, 0xe6, 0xfb, 0xbc, 0xcb, 0xdd,
    0x0e, 0xf6, 0x40, 0x3f, 0xb0, 0xa9, 0xa2, 0x95, 0x8a, 0xc9, 0xa3, 0xc0, 0xae, 0x46, 0x4d, 0xd4,
    0xe3, 0x12, 0xc2, 0xe9, 0xba, 0x68, 0x63, 0xf7, 0x49, 0x3c, 0x0f, 0xbd, 0xe8, 0xe7, 0x7f, 0xfb,
    0xbf, 0x73, 0x34, 0x55, 0x7b, 0x05, 0xe6, 0x42, 0x93, 0x68, 0xa1, 0xae, 0x9c, 0xdf, 0x36, 0x2a,
    0xe7, 0xb7, 0x0d, 0xd9, 0xb3, 0x6c, 0x74, 0x5b, 0x7a, 0x09, 0x97, 0x23, 0x96, 0x1a, 0xea, 0x48,
    0xf7, 0x63, 0xd9, 0x3b, 0xe7, 0xa3, 0xb1, 0xfb, 0xce, 0xcf, 0xd3, 0x33, 0x75, 0x00, 0xca, 0xb1,
    0x5c, 0xd9, 0x82, 0xee, 0x94, 0x4d, 0x67, 0x57, 0xec, 0xb2, 0x46, 0xb3, 0x24, 0xc7, 0xd3, 0xf0,
    0x41, 0x1a, 0x8b, 0xea, 0x59, 0x39, 0x28, 0xb8, 0x04, 0xf0, 0x3d, 0xe0, 0x5d, 0x72, 0xef, 0x4d,
    0xfd, 0x30, 0x31, 0x76, 0xdf, 0xa0, 0xd3, 0xad, 0x42, 0x2f, 0x07, 0x70, 0x36, 0x83, 0x89, 0x01,
    0x22, 0x11, 0x73, 0x60, 0x41, 0x46, 0x07, 0xc5, 0xcc, 0x14, 0xb8, 0xd9, 0x67, 0xe8, 0x9e, 0x1b,
    0x8f, 0xc7, 0x16, 0x6c, 0xd0, 0x64, 0xb7, 0xe1, 0x34, 0x1a, 0xc8, 0xb9, 0x4a, 0x5e, 0xd8, 0x4b,
    0x47, 0xb4, 0x57, 0x78, 0xe9, 0xba, 0x61, 0xcb, 0x5f, 0x76, 0xd4, 0xed, 0x18, 0xa0, 0x92, 0xe3,
    0x5c, 0x60, 0x12, 0x8c, 0x97, 0xa6, 0x59, 0x34, 0x76, 0xe5, 0x94, 0x56, 0x39, 0xf1, 0x76, 0x65,
    0xcd, 0xa2, 0x9a, 0x63, 0x50, 0x4d, 0x35, 0x88, 0x25, 0x07, 0x5f, 0x3e, 0xaa, 0x42, 0x45, 0x20,
    0x03, 0x02, 0x07, 0x97, 0x21, 0xe7, 0x6d, 0x41, 0x33, 0xa6, 0x50, 0x18, 0x2c, 0x6e, 0x15, 0xb8,
    0xc6, 0xe9, 0x19, 0x66, 0xc6, 0x03, 0x7a, 0xc4, 0xc8, 0x1a, 0xcd, 0x7c, 0xd6, 0x6c, 0x08, 0x3f,
    0xe8, 0xae, 0xf0, 0x83, 0xde, 0xa1, 0xd8, 0x1e, 0xbd, 0x09, 0x1e, 0x47, 0xaa, 0x9a, 0xe0, 0xe3,
    0xd0, 0x1a, 0x51, 0x23, 0xeb, 0xc2, 0x88, 0x3a, 0xdc, 0x7e, 0xb1, 0xb6, 0x67, 0xf2, 0x37, 0x39,
    0x25, 0x23, 0xbe, 0x21, 0x50, 0x96, 0x3c, 0x93, 0x45, 0x3c, 0xa7, 0x3c, 0xaa, 0x87, 0x51, 0x72,
    0x63, 0xf1, 0x37, 0xf9, 0x13, 0x37, 0xee, 0xdc, 0x8e, 0x79, 0x53, 0x71, 0x55, 0xdd, 0xb2, 0x29,
    0xb7, 0x93, 0x4e, 0x84, 0x88, 0xca, 0x81, 0xa0, 0xba, 0xc4, 0xc0, 0x84, 0xe3, 0xda, 0xef, 0x85,
    0x77, 0xe1, 0x18, 0xd7, 0x65, 0x5e, 0xbd, 0xef, 0x13, 0x88, 0xee, 0x92, 0xa1, 0xb9, 0xa0, 0xd0,
    0x77, 0x75, 0x46, 0x70, 0xeb, 0x54, 0xf7, 0xe3, 0xbc, 0xd7, 0xe9, 0x3e, 0x14, 0x84, 0x97, 0x5c,
    0x05, 0x6b, 0x69, 0xee, 0xc7, 0xaa, 0xd3, 0xcc, 0x47, 0x89, 0x57, 0x1f, 0x8d, 0x6b, 0xc8, 0xee,
    0x47, 0xa3, 0x4c, 0x77, 0xb9, 0x87, 0xe2, 0x75, 0x34, 0x97, 0x4e, 0x94, 0x90, 0xf1, 0xf4, 0x57,
    0x11, 0x5f, 0xe9, 0xda, 0xf8, 0x04, 0xdd, 0x73, 0x26, 0x73, 0x1e, 0x64, 0xc9, 0xf1, 0x45, 0x84,
    0xf4, 0xf9, 0x29, 0xe8, 0x7d, 0xec, 0xfd, 0xbb, 0x97, 0x15, 0xb2, 0x80, 0xfb, 0x03, 0x47, 0xd1,
    0x9a, 0xa7, 0xa1, 0xbe, 0x89, 0xe3, 0xf6, 0x1c, 0x95, 0x11, 0xdc, 0xbd, 0xe5, 0xe0, 0x87, 0x45,
    0xe6, 0x6c, 0x02, 0x61, 0xc2, 0xe6, 0x9c, 0x87, 0x9d, 0x4e, 0x67, 0x79, 0x73, 0xef, 0xea, 0xf1,
    0x0f, 0xd2, 0xef, 0xf1, 0xc5, 0xd3, 0x55, 0x1d, 0x07, 0x5e, 0xb9, 0xdf, 0x11, 0x10, 0x18, 0xd9,
    0xb5, 0xb6, 0x93, 0x55, 0x80, 0x09, 0xf4, 0xb3, 0x88, 0x53, 0x6f, 0x55, 0x73, 0x09, 0x50, 0x17,
    0x4e, 0xa8, 0x12, 0x51, 0xb2, 0xdc, 0x7c, 0xb2, 0xa8, 0x36, 0xbe, 0xb9, 0x5e, 0xb8, 0x06, 0xb5,
    0xbe, 0x8a, 0x15, 0xc4, 0x6d, 0xff, 0xa6, 0xbc, 0x80, 0xaa, 0x7e, 0x03, 0x33, 0xb8, 0x86, 0x42,
    0xae, 0xa0, 0xac, 0x65, 0xca, 0xf9, 0x06, 0xe6, 0x22, 0xa9, 0xa6, 0xa0, 0x2d, 0x12, 0xf5, 0x24,
    0xd1, 0xa4, 0xe9, 0xde, 0x84, 0x6c, 0xfe, 0x06, 0x54, 0x13, 0xb8, 0x5e, 0x89, 0x68, 0x2e, 0x05,
    0x22, 0xfc, 0x3e, 0x08, 0x27, 0x1a, 0xe1, 0xfe, 0xf7, 0x27, 0x9c, 0x23, 0x21, 0xf0, 0x29, 0xf0,
    0xff, 0xe2, 0x54, 0x94, 0x02, 0x15, 0xd6, 0x27, 0xa2, 0xa4, 0x77, 0x64, 0x85, 0xae, 0x10, 0xa3,
    0xb5, 0xb1, 0xa4, 0x28, 0xd0, 0x1b, 0xa7, 0x23, 0x4a, 0x26, 0xa5, 0x92, 0xc9, 0x52, 0xc9, 0xc4,
    0xb9, 0x27, 0x8b, 0xfa, 0x83, 0x98, 0x8c, 0x9a, 0x9a, 0x52, 0x82, 0x1f, 0x66, 0xb1, 0xe7, 0x67,
    0x83, 0xe3, 0xf3, 0x53, 0xc7, 0x00, 0xc1, 0xd4, 0xb0, 0x73, 0x4d, 0xf2, 0xbd, 0xb4, 0xf1, 0xf5,
    0x04, 0x2d, 0xae, 0xf4, 0x61, 0xa5, 0x01, 0x96, 0xca, 0x21, 0xa6, 0x63, 0xa9, 0x02, 0xb8, 0x15,
    0x1b, 0xee, 0xe5, 0x27, 0xea, 0x11, 0x16, 0x61, 0x60, 0xde, 0x85, 0xa1, 0x58, 0x7b, 0xd4, 0xa5,
    0x63, 0xf2, 0x39, 0x76, 0xf7, 0x44, 0x57, 0xbc, 0x29, 0xae, 0x99, 0x03, 0x89, 0xa1, 0x03, 0x38,
    0x1a, 0xe6, 0xf2, 0x31, 0xdd, 0xcc, 0x3a, 0xc7, 0x12, 0x68, 0x56, 0x2a, 0x93, 0xaf, 0x46, 0x73,
    0xd6, 0x3e, 0x05, 0x42, 0x0a, 0x44, 0x0c, 0x7e, 0x40, 0xeb, 0xd0, 0x6b, 0x0d, 0x29, 0xc3, 0x62,
    0x39, 0xca, 0xa3, 0x82, 0x94, 0xe1, 0xe9, 0x4b, 0x1d, 0x23, 0xab, 0xdb, 0xb5, 0x2b, 0x94, 0x88,
    0x15, 0x06, 0xe6, 0x6b, 0xe5, 0xfc, 0x57, 0xe4, 0x0b, 0xbc, 0x4c, 0xdb, 0x01, 0x16, 0x2d, 0x9c,
    0x3d, 0x9a, 0xbf, 0x68, 0xae, 0x8d, 0xaa, 0xf0, 0xbd, 0x6c, 0x7c, 0x66, 0xe6, 0x8f, 0xd7, 0x07,
    0x16, 0x62, 0xc3, 0x80, 0x21, 0x1a, 0x0b, 0x42, 0x7b, 0x75, 0xa3, 0x26, 0xd8, 0x70, 0xb7, 0xaa,
    0xf7, 0x14, 0x4b, 0x3c, 0xcf, 0xfc, 0x0c, 0x93, 0xdd, 0xe0, 0x99, 0xec, 0x3c, 0x4d, 0xc2, 0x79,
    0xd6, 0x66, 0x1a, 0x9a, 0xc4, 0x80, 0x1f, 0xc2, 0x1f, 0x2f, 0xe3, 0x5e, 0x68, 0x54, 0x96, 0xd4,
    0x9f, 0x5b, 0xe1, 0x16, 0x30, 0x92, 0x65, 0x11, 0x5b, 0xf2, 0x09, 0x9c, 0xe1, 0x1f, 0x84, 0x4d,
    0xa0, 0x45, 0xb2, 0x24, 0x5a, 0x57, 0x62, 0x17, 0x7e, 0x1f, 0x5c, 0x62, 0x7d, 0x57, 0xd0, 0xef,
    0x35, 0x37, 0x5e, 0xc1, 0x24, 0x2e, 0x2e, 0xee, 0x96, 0x9c, 0x44, 0x7f, 0x61, 0x9e, 0xa1, 0xec,
    0xb5, 0xbf, 0x1c, 0x93, 0xc0, 0x90, 0x95, 0x75, 0x78, 0x04, 0x9a, 0xa6, 0xb5, 0x99, 0xf7, 0xcb,
    0xe6, 0x56, 0x9d, 0x5c, 0xe2, 0x6f, 0x2c, 0x02, 0x94, 0xdd, 0xd8, 0x9f, 0x67, 0x79, 0x0a, 0x53,
    0x76, 0x37, 0x0f, 0xcf, 0xbc, 0xc8, 0x3f, 0x33, 0x6c, 0xed, 0xd5, 0x2b, 0x3f, 0x1c, 0xc6, 0xd0,
    0xbe, 0x5f, 0x7a, 0xfb, 0x38, 0x0d, 0xb2, 0xa1, 0x5b, 0x79, 0xb9, 0xef, 0xf9, 0xa1, 0x1b, 0x78,
    0xe5, 0x97, 0x6f, 0xfd, 0x34, 0x9f, 0x96, 0xde, 0x3c, 0x75, 0xd3, 0x45, 0x10, 0x95, 0x5e, 0x3d,
    0x8f, 0x87, 0x74, 0xdc, 0x65, 0xec, 0x67, 0xf0, 0x74, 0x14, 0x7f, 0x3e, 0x8b, 0xe5, 0xc3, 0xe1,
    0x14, 0x36, 0xcc, 0xd4, 0x0d, 0xd4, 0x33, 0x80, 0xcd, 0x4d, 0xe2, 0xd4, 0x97, 0x2f, 0xfe, 0x67,
    0x1c, 0x7e, 0x76, 0x73, 0x57, 0x3e, 0x3e, 0x9d, 0x0f, 0xa9, 0xf0, 0xc1, 0x3c, 0x8d, 0x13, 0x7f,
    0xf3, 0x65, 0x1c, 0x79, 0xe4, 0x5d, 0x2d, 0x9e, 0xdf, 0xba, 0x30, 0xf2, 0xe2, 0xf1, 0xb1, 0x9f,
    0x86, 0x7c, 0x2c, 0xe4, 0x56, 0xea, 0x6e, 0xbe, 0xf6, 0x17, 0x27, 0x7f, 0x89, 0xd3, 0xcf, 0xda,
    0xab, 0x27, 0x53, 0xf8, 0x77, 0x12, 0x6b, 0x6f, 0x5e, 0xc6, 0xd9, 0xc9, 0x3e, 0x6c, 0x63, 0x7e,
    0xd4, 0x2e, 0xdf, 0x1e, 0xc5, 0x69, 0x1c, 0xe5, 0x58, 0xee, 0xad, 0x3b, 0xc2, 0x90, 0x91, 0xcd,
    0xfd, 0xf9, 0xe8, 0x73, 0xe8, 0x92, 0x6f, 0x17, 0xfa, 0xcc, 0x7d, 0xea, 0x13, 0xc4, 0x97, 0x99,
    0xd4, 0xd7, 0xd5, 0x4c, 0xea, 0x2b, 0x67, 0x51, 0x5f, 0x81, 0x04, 0xe4, 0x5f, 0x6b, 0xf9, 0xd3,
    0xd7, 0x76, 0xea, 0x93, 0x92, 0x63, 0x1a, 0x27, 0xd0, 0x11, 0xe3, 0xe6, 0x93, 0x6b, 0xd8, 0x55,
    0x1d, 0xf9, 0x28, 0xb3, 0x2b, 0xe0, 0xd4, 0x5f, 0xaf, 0xe7, 0x49, 0x4f, 0x70, 0x75, 0x7c, 0x76,
    0x14, 0xd7, 0x31, 0xa6, 0xe2, 0x30, 0xa4, 0x86, 0x33, 0xdd, 0x06, 0x6d, 0xc7, 0x23, 0x99, 0x55,
    0xa4, 0x1d, 0x3a, 0xff, 0x83, 0x50, 0x76, 0x11, 0x1c, 0x5b, 0xb5, 0x9c, 0x2c, 0x87, 0xc8, 0xfe,
    0x3e, 0x48, 0x3c, 0x9e, 0x3a, 0xff, 0xf6, 0x34, 0xfe, 0x97, 0x26, 0xea, 0x3a, 0xe4, 0x7f, 0x71,
    0x1d, 0x40, 0x85, 0x47, 0xaf, 0x43, 0xe3, 0x57, 0x1f, 0x21, 0xac, 0x30, 0xb0, 0xd4, 0x22, 0xd2,
    0x37, 0x1a, 0xb8, 0xbf, 0xc3, 0x06, 0x8d, 0xf8, 0xf2, 0xdb, 0x5b, 0xa1, 0x2b, 0xf2, 0x29, 0x5a,
    0x5f, 0x5b, 0x19, 0x81, 0x03, 0x03, 0x1b, 0xb8, 0x1f, 0x1c, 0xeb, 0x32, 0x40, 0x79, 0xb6, 0xc5,
    0x68, 0x3d, 0xd8, 0xd0, 0xc5, 0x10, 0x0c, 0x3c, 0xfd, 0x2d, 0x49, 0xaf, 0xb7, 0x26, 0x99, 0xd2,
    0x9a, 0x1c, 0x2e, 0x96, 0x48, 0xd8, 0x6f, 0x41, 0x83, 0xa6, 0xdc, 0x4b, 0x48, 0x27, 0x40, 0x95,
    0x08, 0xd2, 0xdf, 0x07, 0xf1, 0xc1, 0x71, 0x8e, 0xc6, 0x93, 0xff, 0xfd, 0xe9, 0x0f, 0x01, 0xfe,
    0x97, 0xa6, 0x3b, 0x3c, 0x62, 0xf8, 0xdb, 0x8c, 0x0f, 0x43, 0xca, 0x0a, 0xab, 0x59, 0x15, 0xc4,
    0x8b, 0xb2, 0x61, 0x81, 0xbf, 0x04, 0xac, 0xef, 0x28, 0x1b, 0x82, 0x56, 0x85, 0x1e, 0xcb, 0x15,
    0xf0, 0x95, 0xd3, 0xa5, 0xc2, 0x20, 0xa0, 0x16, 0x45, 0x71, 0x29, 0x4f, 0xb2, 0x4a, 0x61, 0xfe,
    0x12, 0x5a, 0x5f, 0x41, 0xf2, 0x96, 0x51, 0xb7, 0x2a, 0xdb, 0x98, 0xd8, 0xdf, 0x1e, 0xba, 0x7d,
    0x45, 0xde, 0xf0, 0x0c, 0xa0, 0x02, 0x14, 0x44, 0x3d, 0x90, 0x63, 0xaa, 0xc1, 0x3e, 0xce, 0x3b,
    0x9d, 0xc7, 0xf7, 0x99, 0xd1, 0xe4, 0x93, 0x21, 0x47, 0xad, 0x6b, 0x09, 0xa1, 0x68, 0xa4, 0x8e,
    0x10, 0x22, 0xb4, 0x5b, 0x33, 0xa3, 0x96, 0x9a, 0x09, 0x88, 0x74, 0x6b, 0x68, 0xda, 0x9b, 0x88,
    0x99, 0x5e, 0x30, 0xe3, 0x21, 0x5c, 0x81, 0x17, 0xfa, 0xd6, 0xea, 0x14, 0x3b, 0x45, 0x4b, 0x9d,
    0xba, 0x96, 0xc6, 0x63, 0x66, 0xba, 0xe1, 0xc2, 0x3d, 0xcb, 0xc4, 0x32, 0x5a, 0x2b, 0xcf, 0xeb,
    0x1e, 0xd3, 0x77, 0x90, 0x56, 0xb3, 0x95, 0xa6, 0x82, 0x14, 0x69, 0x8d, 0x51, 0x4c, 0x6d, 0x78,
    0x45, 0x16, 0xa2, 0x86, 0x04, 0x62, 0x03, 0x51, 0x90, 0x5a, 0x19, 0x7c, 0x6c, 0xac, 0x74, 0xa3,
    0xe1, 0xed, 0x9d, 0x1a, 0xb0, 0x2d, 0x61, 0xe7, 0x3c, 0xe1, 0x4e, 0xcb, 0x83, 0x7c, 0x1a, 0x64,
    0xdc, 0xab, 0x06, 0xd7, 0xe2, 0x63, 0xa3, 0x10, 0xf6, 0x64, 0xf9, 0x95, 0xd4, 0x49, 0xdf, 0x08,
    0x98, 0xf6, 0x73, 0x8d, 0x94, 0xbe, 0x28, 0xb4, 0xca, 0x41, 0xff, 0x58, 0xb2, 0xb3, 0x4b, 0x44,
    0x39, 0xe2, 0x64, 0x86, 0xa9, 0x93, 0xcb, 0x6b, 0x2d, 0x2a, 0x34, 0xce, 0x5c, 0x3f, 0xb4, 0xcc,
    0x96, 0xec, 0x29, 0x5b, 0x3b, 0x75, 0x06, 0x95, 0xe7, 0xf1, 0x82, 0x85, 0x31, 0x7a, 0x07, 0xc5,
    0x6c, 0xe1, 0x06, 0x39, 0xf0, 0x2c, 0x50, 0x23, 0x7c, 0x06, 0x98, 0x31, 0x43, 0xa7, 0x21, 0xc2,
    0x8e, 0x4c, 0x0c, 0x2c, 0xc8, 0x00, 0xc8, 0xb7, 0xc7, 0xa8, 0x70, 0x27, 0xfd, 0x2e, 0xb8, 0x14,
    0xf7, 0x2a, 0xbc, 0xc3, 0xd8, 0xe6, 0x4f, 0x35, 0x71, 0xf2, 0xec, 0xe7, 0x7f, 0xfb, 0xbf, 0x58,
    0xbe, 0x88, 0x59, 0x10, 0x79, 0x7e, 0xe2, 0xc3, 0x3f, 0x20, 0xd8, 0x8c, 0x81, 0x87, 0x64, 0xc8,
    0xbb, 0xe1, 0x07, 0x70, 0xf3, 0xa9, 0x9f, 0xfa, 0x8e, 0x08, 0x26, 0x67, 0xdd, 0x36, 0xfb, 0x13,
    0x10, 0x58, 0xd8, 0x0f, 0xad, 0x2c, 0x07, 0x60, 0x7a, 0xe2, 0x54, 0xde, 0x04, 0x0e, 0xd3, 0x06,
    0x39, 0xe2, 0x6d, 0x10, 0xd9, 0xb0, 0x26, 0xd9, 0x67, 0xfc, 0x12, 0xb8, 0x8c, 0x78, 0x53, 0x46,
    0x9e, 0xa2, 0x96, 0x6a, 0x04, 0xfe, 0xb7, 0x98, 0xba, 0x39, 0xfb, 0x70, 0x80, 0x47, 0xf9, 0x1e,
    0x5f, 0x88, 0xc4, 0x0d, 0xd0, 0xd5, 0xab, 0x2d, 0x0b, 0xf5, 0xda, 0xd2, 0xaf, 0xaf, 0xe5, 0x7f,
    0x49, 0x68, 0x53, 0xca, 0xbe, 0xa4, 0xbb, 0x24, 0x7b, 0xbc, 0xff, 0xf6, 0x85, 0xe5, 0xf0, 0xc6,
    0x30, 0xd8, 0x4f, 0xe8, 0xee, 0x5a, 0x3f, 0xa9, 0xff, 0xf7, 0x79, 0x00, 0x4a, 0x0d, 0xca, 0x24,
    0x58, 0x22, 0x02, 0xbc, 0xa5, 0xae, 0x98, 0x9b, 0x63, 0xfa, 0x8c, 0x5c, 0xf4, 0x77, 0x34, 0xf5,
    0xcf, 0xd0, 0xa7, 0x0d, 0x98, 0x0a, 0x0c, 0x1f, 0x96, 0xa8, 0xcd, 0x3e, 0x88, 0xf8, 0xcf, 0x33,
    0x86, 0xda, 0x70, 0x4e, 0xb1, 0x85, 0x68, 0x9a, 0x03, 0xb1, 0xc6, 0xf7, 0x31, 0xb8, 0x10, 0x3a,
    0x45, 0xd8, 0xa0, 0x00, 0xc4, 0x1b, 0xf9, 0x1c, 0xc5, 0x8b, 0x4c, 0x45, 0x97, 0x02, 0x74, 0x01,
    0xf1, 0xc6, 0xc1, 0x97, 0x36, 0x7b, 0x33, 0x4f, 0xc9, 0x1f, 0x8e, 0xcd, 0x29, 0x59, 0x40, 0xc6,
    0x4d, 0x78, 0x54, 0xc4, 0xec, 0x5a, 0x7c, 0x11, 0xa6, 0x3e, 0x6f, 0x44, 0x06, 0xda, 0xd2, 0xd7,
    0x44, 0xae, 0x13, 0xa0, 0xe7, 0x08, 0xa6, 0x8d, 0x40, 0x08, 0x22, 0x19, 0xa5, 0x1a, 0x8c, 0x02,
    0x37, 0x64, 0x1f, 0xdc, 0x30, 0x1c, 0xc6, 0x5f, 0x30, 0x0c, 0x96, 0xdc, 0x6c, 0x60, 0xd2, 0x2b,
    0x4e, 0x0d, 0x57, 0xa4, 0x4a, 0xb8, 0x7d, 0x31, 0x05, 0xc6, 0xf0, 0x36, 0x8d, 0x67, 0x41, 0xe6,
    0xb7, 0x61, 0x70, 0xe6, 0x31, 0xcd, 0x4c, 0x97, 0x56, 0x38, 0x46, 0x18, 0x6b, 0x49, 0x19, 0x4b,
    0x51, 0xc9, 0xbc, 0xc8, 0xf9, 0xe5, 0xa5, 0x65, 0x2f, 0x35, 0xbc, 0x4a, 0x0c, 0x92, 0x28, 0xf3,
    0x0b, 0x48, 0x41, 0x57, 0x8c, 0x0f, 0x86, 0xf7, 0x69, 0x29, 0x72, 0x9b, 0x34, 0xec, 0xcc, 0x2a,
    0x82, 0x7d, 0xb3, 0x81, 0x78, 0x77, 0xdc, 0xf9, 0x74, 0x71, 0x71, 0x7e, 0x59, 0x44, 0xd2, 0xe2,
    0xf0, 0xd5, 0xc7, 0x6e, 0xe5, 0xe3, 0x64, 0xf1, 0xdc, 0xcd, 0x06, 0x19, 0xee, 0x3a, 0x9c, 0x19,
    0x6e, 0xf6, 0x9f, 0x7e, 0xfa, 0xc9, 0x28, 0x0a, 0x8c, 0xa6, 0x13, 0xd8, 0x8e, 0x03, 0x13, 0x5b,
    0xd1, 0xfc, 0xab, 0xf8, 0xa3, 0xee, 0x62, 0xb5, 0xc7, 0x5f, 0xa1, 0x43, 0xb1, 0x33, 0x07, 0x1a,
    0x30, 0x06, 0x09, 0xc9, 0x2b, 0xb5, 0x83, 0x3d, 0x99, 0xbc, 0x3d, 0x10, 0xe8, 0x10, 0x7e, 0x1b,
    0x1b, 0xea, 0x51, 0x55, 0xd1, 0xde, 0x19, 0x86, 0x55, 0x6a, 0xe0, 0x7d, 0x84, 0x9b, 0x43, 0x0d,
    0x66, 0xa0, 0xd5, 0xba, 0xb8, 0x30, 0x57, 0x8d, 0x6c, 0x63, 0xe3, 0xae, 0x49, 0x14, 0x0c, 0x91,
    0x9e, 0x7f, 0xb5, 0xac, 0x8b, 0x0b, 0xfa, 0xc5, 0x3d, 0x27, 0x75, 0x70, 0x1c, 0x7d, 0x01, 0x71,
    0x17, 0x81, 0xb2, 0xd7, 0xd0, 0xc9, 0xa8, 0xc1, 0xc9, 0xe8, 0x0f, 0xbd, 0xde, 0xe8, 0xde, 0x3d,
    0x5f, 0x64, 0xe7, 0xed, 0x6e, 0xf5, 0xd5, 0xe1, 0x39, 0x2a, 0x3f, 0x3c, 0xf6, 0xcf, 0xa9, 0xad,
    0x38, 0xbe, 0xf7, 0xd0, 0xef, 0x0c, 0x65, 0xde, 0xb1, 0x0e, 0xa5, 0x37, 0x41, 0xbf, 0x4b, 0x59,
    0xab, 0x34, 0x51, 0x1c, 0x44, 0x31, 0xdf, 0xda, 0x91, 0xe8, 0x1c, 0xd4, 0xd8, 0x15, 0x25, 0x81,
    0x82, 0x8a, 0x93, 0x73, 0x2f, 0x10, 0xfe, 0x60, 0x6e, 0x94, 0x2d, 0x80, 0xe4, 0xab, 0xc1, 0xf1,
    0x75, 0x58, 0x73, 0x72, 0xef, 0x38, 0xe1, 0xf3, 0x8a, 0x76, 0x39, 0x15, 0x25, 0x1f, 0x40, 0xb1,
    0xf5, 0xad, 0xab, 0xe7, 0xfd, 0x70, 0xdb, 0xdd, 0x1a, 0x3e, 0xc0, 0x1c, 0x84, 0xb9, 0xa4, 0xa3,
    0xde, 0xf2, 0x9c, 0x61, 0x97, 0x13, 0xc1, 0x44, 0x0b, 0x29, 0xbd, 0x44, 0x25, 0xa0, 0x80, 0x80,
    0xc0, 0x73, 0x7a, 0x4d, 0x8b, 0x03, 0x6b, 0xca, 0x27, 0x62, 0xa9, 0x9a, 0xab, 0x02, 0xba, 0x78,
    0xa2, 0x8f, 0xed, 0x7b, 0x76, 0xf7, 0xde, 0x03, 0xbb, 0xdb, 0xd5, 0x33, 0x7d, 0x60, 0x0a, 0x70,
    0x71, 0x1f, 0xc0, 0x52, 0xa9, 0xad, 0xab, 0x02, 0xc0, 0x34, 0x11, 0x1f, 0xdf, 0xb3, 0xce, 0xd2,
    0xb5, 0x04, 0xab, 0x56, 0x5d, 0xf0, 0x3d, 0x36, 0x25, 0x3f, 0x4a, 0xc1, 0xfd, 0x14, 0x81, 0x1e,
    0xce, 0x4b, 0xb9, 0x51, 0x28, 0x5f, 0x64, 0x8c, 0x2c, 0x5b, 0x67, 0x41, 0xa0, 0x98, 0xd0, 0x09,
    0x3c, 0x28, 0xd1, 0x53, 0x2a, 0x3d, 0x0e, 0x7c, 0x60, 0x38, 0xc3, 0xd0, 0x8d, 0x3e, 0x23, 0xb3,
    0x18, 0x85, 0x3e, 0x9d, 0xe3, 0x28, 0x2a, 0x8a, 0xff, 0x93, 0x1c, 0xfd, 0xae, 0x00, 0xdf, 0xb7,
    0x41, 0xaf, 0x2e, 0x4d, 0xca, 0x12, 0xf0, 0x8a, 0x42, 0xb7, 0x03, 0x3b, 0x7f, 0xbc, 0x0d, 0xff,
    0xd3, 0x60, 0x27, 0xbd, 0x42, 0x14, 0x2c, 0xdc, 0x65, 0xc8, 0x4d, 0x34, 0xf8, 0x46, 0xe4, 0xda,
    0x4c, 0x20, 0x6e, 0x53, 0x72, 0x1b, 0x62, 0xd9, 0x8b, 0x20, 0x0c, 0x41, 0x3a, 0x09, 0x42, 0x46,
    0xfe, 0xa8, 0xec, 0x2c, 0x9e, 0x33, 0xe2, 0x50, 0x8c, 0x84, 0xbb, 0x30, 0x5e, 0x94, 0x61, 0x77,
    0xc9, 0x63, 0xf2, 0xbf, 0x99, 0x1b, 0x0a, 0xcd, 0x47, 0x5f, 0x70, 0x3e, 0x16, 0xc3, 0x26, 0x2a,
    0x63, 0x35, 0xf5, 0x28, 0x01, 0xb9, 0xb1, 0x0c, 0x9b, 0x6f, 0x7f, 0xab, 0x29, 0x97, 0xe6, 0x5a,
    0xcd, 0x07, 0x33, 0x80, 0x17, 0x3d, 0xd7, 0x25, 0xe0, 0x06, 0x22, 0xc1, 0xc5, 0x60, 0xa0, 0x82,
    0xad, 0xc8, 0x5f, 0x28, 0x39, 0xb8, 0xe2, 0xa5, 0xf3, 0x80, 0x51, 0x52, 0x86, 0xac, 0x48, 0xb2,
    0xa1, 0x89, 0x05, 0x24, 0x25, 0xf3, 0xc0, 0x37, 0xca, 0xbc, 0xcb, 0xd0, 0xfd, 0x13, 0x38, 0x65,
    0x12, 0xfa, 0x39, 0x34, 0x85, 0xca, 0x1b, 0xa3, 0x5e, 0x49, 0x11, 0x52, 0xf9, 0x22, 0x96, 0x04,
    0xea, 0x37, 0x89, 0xc8, 0x88, 0xa1, 0xb5, 0xcd, 0x3e, 0x7e, 0x39, 0xe8, 0x7d, 0xfc, 0xf2, 0x60,
    0xe7, 0xe3, 0x97, 0x87, 0x3d, 0x5c, 0x91, 0x54, 0x6d, 0x81, 0xd2, 0x17, 0x79, 0x79, 0x4b, 0xf9,
    0xed, 0xa3, 0xe1, 0x6e, 0x6d, 0xf2, 0xa6, 0x5d, 0xcc, 0x1c, 0x92, 0x9c, 0x51, 0x67, 0x0f, 0x78,
    0xbe, 0x09, 0x46, 0xc8, 0x82, 0x02, 0x57, 0x9b, 0xbd, 0xf4, 0x71, 0x17, 0x95, 0xb7, 0x8d, 0x8e,
    0x43, 0x40, 0x3e, 0xe5, 0x92, 0x71, 0x78, 0xd1, 0xbe, 0xa3, 0x4c, 0x20, 0x94, 0xed, 0x27, 0x2b,
    0x21, 0x5c, 0x16, 0x0b, 0xd1, 0x70, 0x21, 0x04, 0xcc, 0xdc, 0xfd, 0x8c, 0x29, 0x0f, 0xc6, 0x63,
    0x54, 0x43, 0xab, 0x82, 0xe3, 0x2d, 0x1a, 0xb3, 0x82, 0x48, 0xf9, 0xe4, 0x6c, 0xb8, 0xb3, 0x64,
    0x29, 0x17, 0x51, 0x71, 0x41, 0x0e, 0x34, 0x72, 0x13, 0xcb, 0x3c, 0x65, 0x98, 0xf8, 0x85, 0x63,
    0xb6, 0x8b, 0x7c, 0x03, 0x77, 0x96, 0xbd, 0x1b, 0x29, 0x32, 0x1a, 0xd3, 0x2e, 0x60, 0xc7, 0x6d,
    0x71, 0x89, 0x00, 0xbe, 0xed, 0xaf, 0xaa, 0x42, 0x69, 0xd2, 0x44, 0xe4, 0x1a, 0x3a, 0x35, 0x90,
    0x9b, 0xbf, 0xd1, 0xc7, 0xec, 0x28, 0xf8, 0x48, 0x29, 0x1c, 0x0e, 0x61, 0x65, 0x61, 0x24, 0xa8,
    0x02, 0xbf, 0x00, 0x21, 0xde, 0x34, 0x16, 0xc3, 0x96, 0xa8, 0x77, 0x71, 0xc1, 0x2b, 0x68, 0xd9,
    0x79, 0xf4, 0x23, 0x3c, 0x72, 0xc9, 0xa0, 0x02, 0xe8, 0x54, 0x41, 0xfe, 0xcb, 0xe6, 0x38, 0x0e,
    0x81, 0x72, 0xb0, 0xec, 0x2c, 0x83, 0xb6, 0xa4, 0xdf, 0x85, 0xe7, 0xe2, 0x79, 0x16, 0xfa, 0x6d,
    0xe0, 0x0f, 0xfe, 0x2e, 0x44, 0xc5, 0x96, 0x5e, 0xbe, 0xa4, 0x5f, 0x97, 0x9f, 0x96, 0x8f, 0xa5,
    0xe2, 0xd5, 0xc7, 0x52, 0xb1, 0xf4, 0x9d, 0x88, 0xaf, 0xf4, 0x9d, 0x88, 0xd7, 0xf2, 0x9d, 0x28,
    0x67, 0x90, 0x2b, 0xfc, 0xfe, 0xf6, 0x93, 0x04, 0xf6, 0x02, 0x26, 0xdb, 0xad, 0x3d, 0x5d, 0xc2,
    0xe2, 0x78, 0xc0, 0x44, 0x98, 0x48, 0xe7, 0x50, 0x00, 0xe0, 0x24, 0x09, 0xcf, 0xa8, 0x21, 0xb3,
    0xb0, 0x16, 0x58, 0x75, 0xe7, 0x4f, 0x35, 0x06, 0x61, 0xc6, 0xa1, 0x97, 0xf1, 0x9d, 0xff, 0xe6,
    0x90, 0xc5, 0xa9, 0xca, 0x97, 0x93, 0xc0, 0x72, 0xc3, 0x76, 0x85, 0xb1, 0x70, 0xcf, 0xec, 0x55,
    0x2a, 0x2a, 0x26, 0xac, 0x33, 0x54, 0x32, 0x8e, 0x23, 0x5a, 0xeb, 0x23, 0x1e, 0xfe, 0x43, 0xd9,
    0x36, 0xcc, 0xd5, 0x8b, 0xee, 0xa6, 0x01, 0x5a, 0x9e, 0x60, 0xd5, 0x49, 0xa6, 0xb7, 0x8a, 0x65,
    0x3f, 0x22, 0x29, 0x15, 0x39, 0x00, 0xb2, 0xce, 0x23, 0xeb, 0x68, 0x20, 0xe3, 0x13, 0xb8, 0xe5,
    0xdf, 0xe6, 0x6e, 0x4b, 0xa3, 0x33, 0xc7, 0xf8, 0x07, 0xc3, 0x46, 0xbb, 0xf5, 0x3b, 0x20, 0x07,
    0x4e, 0xa7, 0xbd, 0xd5, 0xb1, 0xc9, 0x63, 0x86, 0x3f, 0xda, 0x79, 0xe0, 0xa7, 0x99, 0x73, 0xfc,
    0x89, 0x04, 0xef, 0x05, 0xa8, 0xc9, 0xc0, 0x64, 0x4e, 0xf0, 0xbe, 0x88, 0x23, 0xea, 0x7b, 0x70,
    0xd4, 0xaf, 0x28, 0x5c, 0x29, 0x6a, 0xd1, 0x29, 0x66, 0xda, 0x7b, 0x8b, 0x31, 0x31, 0xe6, 0xd1,
    0x95, 0x3b, 0x84, 0x92, 0xe7, 0x15, 0x93, 0x17, 0xa9, 0x90, 0x7c, 0x4f, 0x99, 0xf3, 0xf4, 0x54,
    0x7a, 0x28, 0x57, 0x2b, 0xb1, 0xb9, 0x48, 0x27, 0x92, 0x61, 0xaa, 0x54, 0x7f, 0x60, 0x8a, 0xd1,
    0x05, 0x19, 0xe5, 0x4e, 0xf5, 0xc9, 0x04, 0xf4, 0x05, 0xad, 0x8c, 0x78, 0xde, 0xa1, 0x4a, 0x27,
    0x7e, 0x3a, 0x1b, 0xa8, 0x7e, 0xf6, 0xf4, 0xf6, 0xdb, 0xf8, 0x2d, 0xa0, 0x84, 0x01, 0x0e, 0x74,
    0xa4, 0x0a, 0x19, 0xb2, 0xee, 0xc8, 0x8d, 0xde, 0x67, 0x3e, 0x85, 0x90, 0x17, 0x4d, 0x6c, 0x6c,
    0xf0, 0x01, 0x6c, 0x6c, 0x60, 0x75, 0x1c, 0xa3, 0xe7, 0x47, 0x81, 0x56, 0x6b, 0xda, 0x2b, 0xf1,
    0xdd, 0xe5, 0xfc, 0x80, 0xc8, 0x72, 0xfb, 0x62, 0xa5, 0x78, 0x5b, 0x42, 0x6a, 0x9c, 0xf6, 0x9a,
    0xb7, 0x2d, 0x1c, 0xf6, 0xee, 0xad, 0x29, 0xe1, 0xa8, 0x2b, 0xb5, 0x7a, 0xe5, 0xfb, 0x5e, 0xae,
    0x94, 0x11, 0xff, 0x82, 0xbb, 0x40, 0xe2, 0x3f, 0xe8, 0xec, 0x14, 0xbe, 0x84, 0x7c, 0x27, 0xd2,
    0x67, 0x0c, 0xb2, 0xca, 0x08, 0xd3, 0xf9, 0x31, 0xdc, 0x6f, 0xc0, 0x54, 0x26, 0x22, 0xaa, 0x21,
    0x3d, 0xc5, 0xc3, 0x13, 0xf4, 0xdb, 0xe5, 0x51, 0x3a, 0xcf, 0x8f, 0x8e, 0xde, 0x82, 0xf8, 0xc3,
    0x9b, 0xcb, 0xa4, 0xf0, 0x44, 0xaf, 0x0f, 0x29, 0xdd, 0x1f, 0x32, 0x26, 0x1d, 0x96, 0x6c, 0xff,
    0xed, 0x8b, 0x36, 0x7b, 0x2f, 0x32, 0x26, 0x3d, 0x8f, 0x67, 0x3e, 0xdb, 0x87, 0xe5, 0x44, 0x1b,
    0x57, 0x8e, 0x49, 0xb0, 0x72, 0x9f, 0x8b, 0x49, 0xc0, 0xed, 0x81, 0xd8, 0xb9, 0x9e, 0x2e, 0x2e,
    0xe1, 0x56, 0xe1, 0xf0, 0x9e, 0x6e, 0x95, 0xf2, 0x64, 0xf0, 0x69, 0x3f, 0xa4, 0x3b, 0x76, 0xb8,
    0xec, 0x87, 0x20, 0x61, 0x1d, 0xf6, 0xa0, 0xc6, 0x26, 0x88, 0x57, 0x34, 0xbd, 0xf3, 0x51, 0x0b,
    0xc7, 0x6d, 0xe0, 0x39, 0xd5, 0x41, 0x24, 0xf3, 0x0c, 0x0f, 0xd3, 0xb6, 0x78, 0x9f, 0x4b, 0xeb,
    0x5b, 0x89, 0x4e, 0xac, 0x33, 0x39, 0x96, 0x57, 0x87, 0xb2, 0x9c, 0x3e, 0xdf, 0x37, 0x32, 0xca,
    0x15, 0xe5, 0x46, 0x08, 0x04, 0x94, 0x4a, 0xdc, 0x10, 0x35, 0xfe, 0x33, 0x36, 0x09, 0x4e, 0x7d,
    0x22, 0x4e, 0x40, 0x8d, 0xe2, 0x04, 0x21, 0x3b, 0x45, 0xd1, 0xb2, 0xb4, 0x1c, 0x6d, 0xba, 0xf7,
    0x86, 0xd6, 0x02, 0x59, 0xc3, 0x8c, 0x83, 0x12, 0xe1, 0xbf, 0xcf, 0x4c, 0x25, 0xb7, 0x6c, 0xa4,
    0x6e, 0x9a, 0xf2, 0x98, 0x97, 0x99, 0x58, 0x46, 0xf1, 0xea, 0x2f, 0xfb, 0xaf, 0x5e, 0x92, 0xb9,
    0xde, 0x72, 0x34, 0x78, 0xf2, 0xb9, 0x69, 0x71, 0x99, 0xdf, 0x98, 0xa9, 0x82, 0x50, 0xb1, 0x72,
    0xcf, 0xd0, 0xd2, 0xc5, 0x4d, 0x2a, 0xd6, 0x73, 0xe9, 0xb6, 0x31, 0xa4, 0xdf, 0x0d, 0x74, 0x14,
    0xc9, 0x1c, 0x25, 0xae, 0x8d, 0x64, 0x1e, 0x50, 0x29, 0xfb, 0x7d, 0xfc, 0x18, 0xe5, 0x69, 0x30,
    0x01, 0x26, 0xef, 0xc0, 0x4f, 0xc6, 0x5a, 0x88, 0x78, 0x39, 0xa6, 0xed, 0x72, 0xf8, 0x41, 0x0a,
    0xbd, 0x65, 0x28, 0x64, 0x07, 0xf9, 0xd9, 0x49, 0x00, 0xeb, 0x99, 0xf9, 0x51, 0x16, 0xa7, 0xed,
    0x05, 0x6f, 0xf2, 0x24, 0xa1, 0x40, 0xb3, 0x13, 0x90, 0x2f, 0x4f, 0xb8, 0x4d, 0x47, 0xd4, 0xc8,
    0x63, 0x99, 0x02, 0x97, 0x16, 0x46, 0x74, 0xc6, 0xad, 0x32, 0xb2, 0x2f, 0x44, 0xf8, 0x60, 0xe4,
    0x3b, 0x7c, 0x35, 0xce, 0xda, 0xb3, 0x78, 0x18, 0x84, 0xfe, 0x09, 0x2c, 0xdf, 0xc9, 0x5f, 0xde,
    0xbc, 0x7f, 0x77, 0xf2, 0xf6, 0xf9, 0x9b, 0xd7, 0x07, 0xa2, 0x3d, 0xcf, 0xcd, 0x5d, 0x47, 0xfc,
    0x86, 0xd6, 0xf1, 0x02, 0x1d, 0xa7, 0xc8, 0x6b, 0xaa, 0xcd, 0x87, 0x17, 0x10, 0xb2, 0x0a, 0x14,
    0x71, 0x69, 0x1f, 0x72, 0x64, 0x30, 0xcf, 0xcf, 0xf9, 0xb4, 0x32, 0xd3, 0xb8, 0x62, 0x1e, 0x3c,
    0x65, 0xca, 0x89, 0xcf, 0x73, 0x0b, 0x58, 0xec, 0xf2, 0x12, 0xf3, 0x08, 0x58, 0x0d, 0xe5, 0x34,
    0xb2, 0xf9, 0x11, 0xfe, 0x17, 0x6d, 0x4e, 0x6c, 0x03, 0xfe, 0x18, 0x45, 0x9c, 0xec, 0x75, 0x28,
    0x7d, 0xff, 0xc1, 0x95, 0x28, 0x2d, 0x4e, 0x9c, 0x70, 0x03, 0x51, 0x3f, 0xec, 0x11, 0x8a, 0xbc,
    0xbb, 0x05, 0x2c, 0x1e, 0x6d, 0xd2, 0x0b, 0xae, 0x3e, 0x12, 0xc3, 0x2d, 0x21, 0x3d, 0x6c, 0x82,
    0x02, 0x84, 0x62, 0xcd, 0xda, 0x20, 0x53, 0xe2, 0x5d, 0x5a, 0x44, 0x10, 0xc4, 0x5a, 0x73, 0xaa,
    0xc4, 0x5b, 0x11, 0x09, 0xed, 0x60, 0x67, 0xf2, 0xce, 0x60, 0xdd, 0x64, 0x2f, 0x24, 0x07, 0x64,
    0xcc, 0xe4, 0x1f, 0x28, 0x68, 0x54, 0x7c, 0xb2, 0x45, 0x61, 0x09, 0x7f, 0xf1, 0xda, 0x22, 0x9a,
    0x04, 0x92, 0x3c, 0xea, 0x44, 0x74, 0xc5, 0xa1, 0x4e, 0x5f, 0x80, 0xb8, 0x6b, 0xec, 0x43, 0x33,
    0x7f, 0xbd, 0x1e, 0xe0, 0x75, 0x92, 0x44, 0xc6, 0xe4, 0x66, 0x93, 0x49, 0xef, 0xd6, 0xa5, 0x47,
    0x0f, 0xae, 0xa4, 0x47, 0xfb, 0x21, 0xa8, 0x88, 0x11, 0x5d, 0x08, 0xe9, 0x28, 0xe2, 0x5c, 0x26,
    0xc8, 0x26, 0x1e, 0x0c, 0xf0, 0xcd, 0x49, 0xb6, 0x59, 0xab, 0xa0, 0x51, 0xb7, 0x46, 0xa5, 0xde,
    0x2a, 0xe6, 0xca, 0xf8, 0x56, 0x71, 0x30, 0xac, 0x8b, 0xd8, 0x31, 0xc6, 0x7c, 0x83, 0xd0, 0x86,
    0xac, 0x76, 0xaf, 0x24, 0x8e, 0x7f, 0x6c, 0x94, 0xec, 0x3b, 0x1f, 0x1b, 0xbb, 0x7f, 0xe2, 0xe5,
    0xa4, 0xfc, 0xed, 0x50, 0xfc, 0xff, 0x99, 0x9f, 0x33, 0xb2, 0xb9, 0x23, 0x32, 0xb6, 0xcb, 0xec,
    0x95, 0xdb, 0x9a, 0xc7, 0xc8, 0x38, 0x16, 0x53, 0x40, 0x0e, 0x4e, 0xe8, 0xb2, 0x20, 0x27, 0xa6,
    0x13, 0xa3, 0x4a, 0x07, 0xa4, 0xce, 0x65, 0x78, 0xfd, 0x61, 0x49, 0x7b, 0xe6, 0xd3, 0xfe, 0xe6,
    0xdb, 0x4c, 0x1e, 0x2c, 0xdf, 0x47, 0x52, 0xc5, 0xef, 0x15, 0xd7, 0x91, 0xa0, 0x84, 0x4a, 0xcb,
    0x82, 0xae, 0x0f, 0x08, 0x9b, 0xd7, 0x45, 0xde, 0x05, 0x2a, 0xa5, 0xc4, 0x64, 0x39, 0x1e, 0x7e,
    0xdf, 0x1b, 0xc9, 0xf3, 0xbb, 0x8c, 0x3b, 0x32, 0xd4, 0x2f, 0xb0, 0x14, 0x86, 0x35, 0xbb, 0x15,
    0xc7, 0xd0, 0xc1, 0xf1, 0xf9, 0x67, 0xc7, 0xa0, 0x34, 0x39, 0xa8, 0xde, 0x83, 0x6c, 0xaf, 0x88,
    0x0a, 0xbd, 0xcc, 0x50, 0xf6, 0x87, 0x12, 0x92, 0xc2, 0x94, 0x8b, 0xa8, 0xb7, 0xbc, 0x10, 0xe5,
    0xe8, 0xad, 0xb4, 0x22, 0xde, 0xf1, 0x02, 0x3c, 0xca, 0x5a, 0x7d, 0xc7, 0x7d, 0x42, 0x6f, 0x44,
    0xf5, 0x70, 0x3e, 0x39, 0x09, 0xb8, 0x57, 0xf8, 0x5b, 0xf8, 0xcd, 0x8a, 0x2c, 0x52, 0x5a, 0x01,
    0xe0, 0xe2, 0x45, 0x09, 0x4f, 0x4f, 0x35, 0x75, 0xf9, 0xe9, 0x86, 0xf8, 0xda, 0x2b, 0x91, 0x20,
    0x42, 0xd6, 0x23, 0x41, 0x2a, 0x80, 0x5a, 0x97, 0x90, 0x42, 0xec, 0xeb, 0x25, 0xbd, 0x07, 0x24,
    0xb6, 0x5f, 0x1d, 0x5f, 0x90, 0x27, 0xb4, 0x68, 0x99, 0xc9, 0xcf, 0xba, 0xfd, 0x19, 0xcf, 0x05,
    0x39, 0xda, 0xd0, 0x28, 0x8f, 0xe1, 0xd5, 0xa7, 0x75, 0x50, 0x07, 0x2b, 0xe7, 0x45, 0x00, 0x65,
    0xe3, 0xd2, 0xaa, 0x02, 0xf2, 0x9a, 0x50, 0xc6, 0xed, 0x6f, 0x0e, 0x65, 0xa4, 0x2d, 0xba, 0xec,
    0x89, 0xb7, 0xee, 0xe5, 0x2a, 0xc0, 0xc2, 0xf2, 0xa2, 0x09, 0x3c, 0x43, 0xc3, 0x37, 0x15, 0x6f,
    0x04, 0x25, 0xd6, 0x95, 0xbc, 0x46, 0x7a, 0xba, 0x3a, 0x52, 0xfa, 0x52, 0xca, 0x94, 0xb8, 0x44,
    0x91, 0xa5, 0x8a, 0x02, 0xea, 0x47, 0x55, 0x95, 0x12, 0xf7, 0xd9, 0x9e, 0x8b, 0x6d, 0xe4, 0xa0,
    0xbe, 0x61, 0xcb, 0xbd, 0xc1, 0x9f, 0xf8, 0x36, 0x90, 0xe5, 0x29, 0x01, 0x01, 0x7f, 0xcf, 0x71,
    0x5e, 0x7c, 0x90, 0x08, 0x2e, 0x72, 0x8a, 0x92, 0xce, 0x85, 0xda, 0x20, 0x3f, 0x25, 0x59, 0x47,
    0x23, 0x14, 0xfa, 0x94, 0x52, 0x08, 0x79, 0xda, 0x27, 0x91, 0x5e, 0x00, 0xc7, 0xce, 0x5f, 0x08,
    0x0c, 0xb1, 0xe4, 0x8f, 0x01, 0x7c, 0x11, 0x3f, 0x65, 0x0a, 0xb3, 0x6c, 0x29, 0x35, 0x27, 0x94,
    0x29, 0x25, 0xe7, 0xd4, 0xd6, 0x51, 0x02, 0x07, 0x1d, 0xcd, 0x56, 0x1d, 0xd0, 0x2b, 0xd2, 0x66,
    0xb5, 0x05, 0x4a, 0x4a, 0x05, 0x49, 0x8c, 0x81, 0x1f, 0xee, 0x5c, 0x91, 0xa5, 0xf9, 0xb8, 0xc0,
    0xf8, 0x4f, 0x75, 0xd9, 0x9a, 0x47, 0xd6, 0xb9, 0xc0, 0xfc, 0x11, 0xf6, 0xbe, 0x9f, 0x03, 0xc3,
    0x07, 0x8c, 0xf0, 0x4d, 0xa3, 0xa8, 0x68, 0x58, 0x9f, 0x06, 0x23, 0x39, 0x80, 0xcb, 0x42, 0x87,
    0x2c, 0xd6, 0xd4, 0x8f, 0xe4, 0x82, 0xf2, 0x3f, 0x97, 0x82, 0x7b, 0xfb, 0x91, 0x3a, 0x42, 0x5a,
    0xad, 0x94, 0x6e, 0x6c, 0xac, 0x50, 0x28, 0x07, 0xa4, 0x17, 0x8e, 0x5d, 0xb4, 0x61, 0x09, 0xe6,
    0x5f, 0x2a, 0x89, 0xca, 0x0d, 0xa0, 0x70, 0xc1, 0x24, 0xcd, 0xea, 0xc1, 0x59, 0x42, 0xfe, 0x45,
    0xc9, 0x5d, 0x8d, 0x59, 0x6a, 0xe9, 0x21, 0x75, 0x8e, 0x47, 0xe9, 0x60, 0x61, 0xb6, 0x4c, 0x96,
    0xb3, 0x0d, 0x95, 0x5d, 0xed, 0x92, 0xcf, 0xf9, 0x52, 0x60, 0x56, 0x09, 0x91, 0xb2, 0x25, 0x44,
    0xb2, 0x2b, 0x49, 0x48, 0x32, 0x4b, 0x65, 0x1e, 0x29, 0x77, 0x89, 0xb8, 0x80, 0xfd, 0x14, 0x19,
    0x38, 0x14, 0xf6, 0x14, 0x99, 0x4a, 0x7c, 0x32, 0x5e, 0xfb, 0x5a, 0xde, 0xca, 0x12, 0x3e, 0x69,
    0x9b, 0xfa, 0x9c, 0x83, 0xbc, 0x06, 0xdc, 0x83, 0xb2, 0x0d, 0x40, 0xb6, 0x2e, 0x94, 0x44, 0xc0,
    0x1e, 0x3f, 0xa3, 0xa9, 0xcb, 0xa4, 0xca, 0x25, 0x36, 0xb8, 0x9c, 0x30, 0x93, 0xf7, 0xb3, 0xd6,
    0x9a, 0xdd, 0x6c, 0xb9, 0x74, 0xd9, 0xc6, 0x42, 0x29, 0x84, 0xcf, 0xd0, 0x38, 0x82, 0xda, 0x94,
    0xb4, 0x1b, 0x84, 0x10, 0x54, 0xbc, 0x68, 0xf6, 0xa5, 0xd1, 0x72, 0x53, 0x36, 0x89, 0xb9, 0x52,
    0x81, 0x11, 0x16, 0xdb, 0x36, 0x26, 0x2a, 0x59, 0x6b, 0x06, 0x6b, 0x20, 0x0b, 0x09, 0xc3, 0xfc,
    0x58, 0x5d, 0x8a, 0x0e, 0x99, 0x20, 0x7a, 0xb5, 0xe0, 0xba, 0xbd, 0x39, 0x94, 0x32, 0xaf, 0x16,
    0xcd, 0x92, 0x72, 0x63, 0x0f, 0x63, 0x4c, 0x7a, 0x59, 0xcd, 0x0b, 0x8d, 0xf7, 0x8b, 0x0e, 0x68,
    0x37, 0x3b, 0xc1, 0x0c, 0x50, 0x76, 0x33, 0x3b, 0x9d, 0x34, 0xbf, 0xcc, 0xc2, 0xfe, 0x3c, 0x1f,
    0x3f, 0xb0, 0x1f, 0xc1, 0x13, 0x83, 0xa7, 0x28, 0x1b, 0x34, 0xa6, 0x79, 0x9e, 0x38, 0x9b, 0x9b,
    0x8b, 0xc5, 0xa2, 0xbd, 0xd8, 0x6a, 0xc7, 0xe9, 0x64, 0x13, 0x23, 0x0c, 0xb1, 0x7c, 0x83, 0x9d,
    0x06, 0xfe, 0xe2, 0x71, 0xfc, 0x65, 0xd0, 0xe8, 0x80, 0xd4, 0xdc, 0xdb, 0x86, 0xff, 0x6f, 0x40,
    0xff, 0x61, 0x38, 0x68, 0xfc, 0xd8, 0xdb, 0xda, 0x1a, 0x3e, 0xe8, 0x8d, 0x77, 0x1a, 0xbb, 0x8f,
    0x12, 0x17, 0xf5, 0x83, 0x41, 0xe3, 0x55, 0x77, 0x9b, 0x6d, 0x9d, 0xee, 0x4c, 0xb7, 0xc3, 0xd6,
    0x7d, 0xd6, 0xed, 0x9d, 0xb6, 0x1e, 0x3e, 0xbf, 0x1f, 0xde, 0x6f, 0x3d, 0xfc, 0xda, 0xd8, 0x44,
    0x17, 0x80, 0xd3, 0xc9, 0xae, 0x38, 0xf8, 0x43, 0x03, 0xba, 0x0e, 0x5b, 0x31, 0x93, 0x73, 0x9c,
    0x8a, 0x83, 0xff, 0xd8, 0x38, 0x7c, 0x07, 0xff, 0xb1, 0x73, 0x77, 0xe2, 0xc0, 0x36, 0x33, 0x6c,
    0x9e, 0x85, 0x5b, 0x4f, 0x22, 0x5d, 0xec, 0x1c, 0x28, 0x98, 0xc5, 0xa1, 0xcf, 0x8f, 0x7a, 0xcb,
    0xeb, 0xa6, 0x76, 0x92, 0x4f, 0x7b, 0x08, 0x73, 0x45, 0x0b, 0x89, 0xab, 0xc5, 0x85, 0x6b, 0x56,
    0xdc, 0x8f, 0xcd, 0x16, 0xd8, 0x20, 0xac, 0x2b, 0xfa, 0x59, 0x8c, 0xe9, 0xf8, 0xa9, 0x5e, 0x0b,
    0x80, 0xa2, 0x1f, 0x0e, 0xc9, 0x44, 0xe1, 0x67, 0x94, 0xad, 0xe4, 0x04, 0x53, 0x6a, 0x1e, 0xe6,
    0x64, 0x4a, 0xec, 0x17, 0x6b, 0x45, 0xed, 0xf1, 0xf4, 0x67, 0xcf, 0xe2, 0x94, 0xaf, 0x5a, 0x26,
    0xf7, 0xec, 0xdd, 0x4c, 0xb9, 0x3f, 0x62, 0x96, 0xc5, 0xbb, 0x9a, 0x1b, 0x9e, 0x48, 0x72, 0x23,
    0x49, 0x6e, 0x3e, 0xc0, 0x02, 0x82, 0xba, 0xca, 0xae, 0xf8, 0xe9, 0xba, 0x75, 0x2e, 0x9f, 0xa1,
    0x40, 0x09, 0xd1, 0x33, 0x2c, 0x22, 0x3e, 0x56, 0x1a, 0x5c, 0xa9, 0x48, 0xe1, 0xa8, 0x94, 0x2c,
    0xad, 0x46, 0xb7, 0x9a, 0xaa, 0x5c, 0x5c, 0xac, 0xb5, 0x9d, 0x6a, 0x87, 0x08, 0x2b, 0xc1, 0x21,
    0xc3, 0xcf, 0x6b, 0x50, 0xa7, 0x4a, 0x32, 0x69, 0x3e, 0x14, 0x4b, 0x34, 0x38, 0xee, 0x7e, 0x52,
    0x26, 0x45, 0x79, 0x0c, 0x75, 0x7c, 0x4f, 0xbd, 0xe3, 0xc2, 0xc2, 0xe0, 0x78, 0x5b, 0xbd, 0x21,
    0x0c, 0x18, 0x1c, 0xdf, 0x57, 0x2f, 0x48, 0xa1, 0x1f, 0x1c, 0x77, 0xb4, 0x76, 0x84, 0x18, 0x3c,
    0x38, 0xee, 0xd9, 0x5b, 0xf6, 0x03, 0xbb, 0xdb, 0xb1, 0xbb, 0x3d, 0xbb, 0xbb, 0x65, 0x77, 0x1f,
    0xa8, 0x42, 0x0b, 0x37, 0x93, 0xb0, 0xc3, 0x57, 0x6a, 0x41, 0x83, 0x88, 0xb2, 0x7c, 0x99, 0x99,
    0x3d, 0x51, 0xdc, 0x7e, 0xd2, 0x46, 0x9f, 0xa8, 0x2f, 0x6f, 0x70, 0x69, 0x77, 0x07, 0x1d, 0x01,
    0x7e, 0x55, 0x32, 0x57, 0x02, 0x8e, 0x05, 0x3c, 0x4f, 0xc8, 0x0e, 0x6d, 0xf5, 0x4e, 0xa3, 0x12,
    0xcb, 0xda, 0x82, 0x6d, 0x90, 0x9d, 0x70, 0xa4, 0xdb, 0x26, 0xf2, 0x98, 0x4d, 0xe2, 0x36, 0x37,
    0xea, 0x4a, 0x23, 0xb1, 0xde, 0x99, 0x68, 0x04, 0x3a, 0xbb, 0x2b, 0x5f, 0xc3, 0x6c, 0xf4, 0xf7,
    0x6a, 0x10, 0x42, 0x0c, 0xab, 0x1d, 0x83, 0xd2, 0x74, 0xcc, 0xc3, 0xd7, 0xc7, 0x59, 0x8e, 0x09,
    0xc8, 0xf6, 0x65, 0x30, 0xa5, 0xb1, 0xba, 0x7b, 0xbe, 0x22, 0xd5, 0xce, 0xd5, 0x5b, 0xd5, 0xb5,
    0x78, 0x53, 0xd7, 0xb3, 0x54, 0x8e, 0x54, 0xbf, 0x6f, 0xe9, 0xc5, 0xea, 0x3e, 0xb9, 0x83, 0x47,
    0xa5, 0x4b, 0xf9, 0x52, 0xf5, 0xc8, 0x5f, 0x54, 0x3b, 0x54, 0x9a, 0x55, 0xd1, 0xdd, 0xa1, 0xef,
    0x83, 0xc6, 0x90, 0x4d, 0x87, 0xb1, 0x9b, 0x5e, 0xd1, 0xab, 0xc2, 0x23, 0xe8, 0x44, 0xef, 0x98,
    0x56, 0xa9, 0x34, 0x55, 0x2e, 0xb9, 0xea, 0x5d, 0x57, 0x94, 0x36, 0xdb, 0x78, 0x27, 0x97, 0x96,
    0xc0, 0xae, 0xf0, 0x7f, 0x75, 0xef, 0xb2, 0x97, 0xbb, 0xd7, 0x77, 0x0d, 0x62, 0xf2, 0x52, 0xdf,
    0x25, 0x75, 0xd0, 0x56, 0xa0, 0x08, 0x50, 0x24, 0x58, 0x90, 0x23, 0xac, 0xe8, 0x5a, 0xdb, 0xba,
    0x55, 0x89, 0xb6, 0x48, 0xb2, 0x22, 0xbc, 0x06, 0xdf, 0x44, 0xea, 0x44, 0x77, 0xbc, 0x60, 0x3b,
    0xed, 0x6e, 0xb7, 0xfd, 0xc5, 0x66, 0x19, 0xa6, 0xb4, 0xd2, 0x7c, 0x4a, 0x86, 0x98, 0x0a, 0x0a,
    0xd5, 0x37, 0x2c, 0x27, 0x73, 0xd4, 0xf0, 0x73, 0x7a, 0xee, 0xc7, 0x80, 0x6c, 0xd6, 0xa6, 0x5c,
    0x3d, 0x32, 0xe5, 0x94, 0xc5, 0xaf, 0x70, 0xa8, 0xe4, 0x8d, 0x62, 0xdc, 0xf7, 0x87, 0x65, 0x53,
    0x37, 0xf1, 0xb9, 0x97, 0x5d, 0x16, 0xcf, 0x84, 0x73, 0x5c, 0x5c, 0xca, 0x0d, 0xc4, 0x30, 0x57,
    0x73, 0x42, 0x3e, 0x71, 0x59, 0x71, 0x9d, 0x43, 0xea, 0xff, 0x8d, 0x7b, 0x0b, 0x92, 0x81, 0xab,
    0xf1, 0x3e, 0x52, 0xee, 0x83, 0x64, 0xc3, 0x6a, 0x88, 0x96, 0xf8, 0xb1, 0xae, 0x0c, 0x5e, 0x97,
    0x4d, 0xda, 0x78, 0x1a, 0xbc, 0x80, 0x96, 0xb9, 0xcb, 0x2f, 0xb9, 0x27, 0x62, 0x39, 0x39, 0x33,
    0xb4, 0x8d, 0x0a, 0x2f, 0x3b, 0x21, 0xef, 0xab, 0x84, 0xf0, 0x2b, 0x05, 0x7f, 0x9e, 0x51, 0x48,
    0x24, 0xb7, 0x2b, 0x92, 0xc0, 0xaf, 0x57, 0x93, 0x32, 0xf6, 0x54, 0xeb, 0x26, 0x03, 0x7e, 0xb1,
    0x05, 0x46, 0x74, 0xe4, 0x0e, 0xbf, 0x49, 0xa0, 0x9c, 0x10, 0x0f, 0x15, 0x5b, 0x02, 0x79, 0x29,
    0x23, 0xde, 0x9d, 0xf5, 0x9c, 0xe5, 0x32, 0x95, 0xae, 0xec, 0x46, 0x49, 0xf1, 0xbe, 0x27, 0x95,
    0x41, 0x29, 0x11, 0x1e, 0x12, 0x27, 0x39, 0x0f, 0x2e, 0x61, 0xdf, 0x35, 0x6c, 0xf1, 0x6d, 0x4f,
    0x88, 0x66, 0x8e, 0x26, 0x72, 0xdf, 0x34, 0xe7, 0x5d, 0x75, 0x0b, 0x50, 0xfc, 0xb3, 0xc0, 0xfe,
    0x8c, 0xb2, 0x38, 0x80, 0x6c, 0xe3, 0x7b, 0x80, 0xe6, 0x61, 0x08, 0xd8, 0x90, 0xfa, 0xc2, 0x71,
    0x27, 0x73, 0x30, 0x05, 0x00, 0x60, 0x3b, 0x74, 0x81, 0x14, 0x87, 0xf0, 0xd8, 0xb2, 0x31, 0xd9,
    0x00, 0x23, 0xa7, 0x72, 0xfa, 0x9d, 0x70, 0x84, 0x43, 0x4b, 0x1f, 0x9a, 0x3d, 0xa0, 0x6b, 0x81,
    0xf8, 0x88, 0x4b, 0x22, 0x98, 0xdb, 0x4d, 0xd3, 0xc0, 0xcf, 0xe8, 0x10, 0x81, 0x35, 0x59, 0x51,
    0xb2, 0x4f, 0x1d, 0x04, 0x19, 0x6f, 0x02, 0x70, 0x3f, 0xc0, 0x23, 0x22, 0xb3, 0xcb, 0x5d, 0x66,
    0xdd, 0xe8, 0x8c, 0x57, 0x41, 0xe1, 0x93, 0xa8, 0x38, 0x6e, 0xb0, 0x05, 0xbf, 0x02, 0xa3, 0xb4,
    0xc7, 0xf0, 0x9a, 0x14, 0x5c, 0x47, 0xde, 0xce, 0xc2, 0xe5, 0x98, 0x8d, 0x88, 0x72, 0x8e, 0x0d,
    0xd0, 0x30, 0x2f, 0x85, 0xe7, 0x6a, 0xed, 0x5e, 0x42, 0x89, 0x4b, 0x6e, 0x7e, 0xe5, 0xc7, 0xdb,
    0x12, 0xfe, 0x4b, 0x91, 0x3b, 0xf3, 0xa9, 0xd1, 0x45, 0x8a, 0xee, 0xd6, 0x66, 0x03, 0xdb, 0x6c,
    0xc8, 0x43, 0x26, 0xbc, 0x36, 0xa2, 0x01, 0x20, 0x69, 0x58, 0x45, 0x3d, 0x92, 0x27, 0xa0, 0x28,
    0xce, 0x8e, 0xda, 0xe0, 0x9f, 0x1e, 0xa3, 0x1b, 0xc8, 0x18, 0xd3, 0xf7, 0x72, 0xcf, 0x5a, 0xe1,
    0x99, 0x41, 0xae, 0xb3, 0x30, 0xc1, 0x39, 0xc0, 0xff, 0x0c, 0xa1, 0x83, 0xa7, 0x49, 0x99, 0xd8,
    0x86, 0xb0, 0x46, 0x4f, 0xc5, 0xfe, 0x81, 0x6a, 0x52, 0xca, 0x86, 0x45, 0x3b, 0xc9, 0x28, 0x98,
    0xde, 0x07, 0xe9, 0x8b, 0x99, 0x3f, 0x6c, 0x3d, 0xb0, 0x1c, 0x5a, 0x18, 0xa4, 0x40, 0x94, 0x0b,
    0x17, 0xaf, 0xd0, 0x6b, 0x52, 0x9c, 0x92, 0xf0, 0x23, 0x65, 0x5d, 0xf8, 0x54, 0xc4, 0xd9, 0x13,
    0xe4, 0x52, 0x9f, 0x53, 0x4f, 0xaa, 0xda, 0x93, 0x9e, 0xba, 0x8a, 0x20, 0x02, 0xe6, 0xc7, 0x28,
    0x4f, 0x06, 0x39, 0x87, 0xb3, 0x97, 0xc6, 0x89, 0x17, 0x2f, 0x22, 0xe1, 0xca, 0x2b, 0x96, 0x35,
    0xf3, 0x61, 0x9b, 0xe5, 0xc1, 0x08, 0xf6, 0xe8, 0x67, 0x1f, 0xad, 0xcd, 0xe4, 0x72, 0xb3, 0x29,
    0x32, 0x33, 0x6c, 0xf2, 0xcc, 0x0c, 0x38, 0xd9, 0x86, 0x9e, 0xdb, 0xa1, 0xc1, 0x66, 0x6e, 0x02,
    0x72, 0x6c, 0xcc, 0x1b, 0xa3, 0xb1, 0xdb, 0xa4, 0xdb, 0xe5, 0x62, 0x45, 0x83, 0x08, 0xc8, 0x42,
    0xe0, 0xa1, 0xab, 0xb4, 0xa2, 0x48, 0xe4, 0xc2, 0xb3, 0x92, 0xa0, 0xa8, 0xbc, 0x07, 0x32, 0xd5,
    0xa6, 0xa4, 0x63, 0x59, 0x72, 0x10, 0x5e, 0x5d, 0x0d, 0xb3, 0x1a, 0x58, 0x5a, 0xf9, 0x01, 0xd5,
    0xd9, 0x53, 0x44, 0x8c, 0x1e, 0x05, 0x9d, 0xba, 0xb8, 0xe8, 0x60, 0x8e, 0x8c, 0x25, 0xaa, 0x04,
    0xed, 0x30, 0x5a, 0x95, 0x25, 0xaa, 0xa4, 0xb6, 0x1f, 0xee, 0xbd, 0x44, 0x91, 0x8a, 0xf5, 0xa8,
    0x95, 0xca, 0xb3, 0x52, 0x4b, 0xae, 0x2a, 0x2a, 0x7c, 0x62, 0xdd, 0x1a, 0xf9, 0xba, 0x94, 0x26,
    0x31, 0xe8, 0x68, 0x70, 0x15, 0x15, 0xd3, 0x52, 0xa3, 0x5c, 0x4f, 0xc5, 0x34, 0x99, 0x77, 0xf0,
    0x8d, 0x94, 0x4c, 0x08, 0xfb, 0x32, 0x56, 0x88, 0xa2, 0x72, 0xb8, 0xf2, 0x88, 0xbb, 0x84, 0x48,
    0x02, 0x1e, 0x2d, 0xd6, 0xa2, 0xb0, 0x1b, 0x11, 0x8a, 0x71, 0xaf, 0x10, 0x9e, 0x62, 0x2f, 0x8f,
    0x01, 0x11, 0x50, 0x71, 0x22, 0x4e, 0x8a, 0xd9, 0x4e, 0x3a, 0xb6, 0xdc, 0xc3, 0x19, 0xdf, 0x12,
    0x20, 0xd8, 0x00, 0x9b, 0x4c, 0xfc, 0xc9, 0x04, 0xe9, 0x52, 0x02, 0x95, 0x73, 0x50, 0x78, 0x89,
    0x28, 0x11, 0xeb, 0x1e, 0xc6, 0x30, 0x03, 0x54, 0xb8, 0x5c, 0x4a, 0x1d, 0x79, 0xb4, 0x88, 0x41,
    0x3f, 0xf3, 0x13, 0x74, 0xd8, 0x83, 0xbd, 0x24, 0x1b, 0x73, 0x33, 0x50, 0xc6, 0x72, 0xcd, 0x2d,
    0x32, 0x74, 0x51, 0x54, 0x45, 0x77, 0xbf, 0x37, 0xaf, 0xe5, 0xa5, 0x3e, 0xb0, 0xb5, 0x8a, 0x8f,
    0x26, 0x39, 0xd8, 0xf9, 0xdc, 0x91, 0xeb, 0xd5, 0x3f, 0x1e, 0x1d, 0xc9, 0xa6, 0x48, 0x6b, 0xdd,
    0x84, 0x4d, 0x9b, 0xcd, 0x7d, 0xf6, 0x43, 0xef, 0xa1, 0x25, 0xf6, 0x06, 0xe3, 0xa8, 0x75, 0x0e,
    0xb3, 0x70, 0xba, 0x36, 0xa5, 0x7b, 0xb1, 0x31, 0x95, 0x0b, 0x12, 0xbe, 0xe5, 0x8b, 0xe9, 0xa4,
    0x0d, 0x50, 0x55, 0xe9, 0x54, 0xab, 0xc8, 0x4a, 0xb8, 0xf6, 0x92, 0xef, 0xc0, 0x32, 0x70, 0x0d,
    0x96, 0x92, 0x44, 0x16, 0x27, 0x0d, 0x98, 0x7b, 0x46, 0xae, 0x09, 0xdf, 0xf3, 0xd6, 0x5e, 0xd7,
    0xc1, 0xfb, 0x70, 0x70, 0x5d, 0x68, 0xfb, 0x57, 0xd2, 0xba, 0xb0, 0xc1, 0xae, 0x20, 0x56, 0x2b,
    0x06, 0x0f, 0xff, 0x55, 0x87, 0x5f, 0x3b, 0x92, 0x2a, 0x6b, 0xe3, 0x89, 0xa0, 0xce, 0xeb, 0x33,
    0xec, 0xce, 0x9d, 0x95, 0x14, 0x40, 0xa5, 0x0c, 0x13, 0x84, 0xc3, 0xc6, 0xac, 0x5d, 0xd7, 0x14,
    0x0f, 0x3c, 0x55, 0x3a, 0x59, 0x5c, 0x53, 0x36, 0x59, 0xa8, 0xb2, 0xbe, 0x73, 0xbd, 0x60, 0x24,
    0x73, 0x73, 0x49, 0xc1, 0x68, 0x29, 0x21, 0x30, 0xe6, 0xb8, 0xba, 0x41, 0x32, 0x60, 0x95, 0xea,
    0xee, 0x37, 0x17, 0x7c, 0x28, 0xbd, 0x1b, 0xdd, 0xbe, 0x38, 0xf9, 0x25, 0x45, 0x9f, 0x0a, 0x7a,
    0xa8, 0xf8, 0xda, 0xf3, 0xb5, 0xa5, 0x5b, 0x19, 0xab, 0xac, 0x64, 0xd4, 0x7a, 0xdc, 0x2a, 0xac,
    0xcb, 0x4b, 0x6b, 0xc5, 0x43, 0x87, 0x79, 0x64, 0xf1, 0x0d, 0xd6, 0x4c, 0x05, 0xd7, 0xff, 0xe6,
    0x6b, 0xf6, 0x56, 0x9b, 0xc8, 0xaf, 0xb8, 0x68, 0x3c, 0xd6, 0xec, 0x9c, 0x5f, 0xa5, 0x72, 0xfd,
    0x82, 0x89, 0xc0, 0xc3, 0xd2, 0x7a, 0xcd, 0xd6, 0xad, 0x37, 0x2b, 0xd7, 0xcb, 0xd7, 0xad, 0xa7,
    0x92, 0x7b, 0xa3, 0x6c, 0xb0, 0x02, 0x45, 0x44, 0x00, 0xec, 0xd0, 0xa6, 0xc0, 0xd6, 0x99, 0x2d,
    0x42, 0x56, 0xf3, 0x25, 0x84, 0xc1, 0x16, 0x6f, 0x80, 0x28, 0x7a, 0x20, 0xf4, 0x6f, 0x8e, 0x2b,
    0x3c, 0x58, 0xf9, 0xd7, 0xdb, 0xd8, 0xe8, 0x6b, 0x2c, 0x54, 0x1a, 0x72, 0xc0, 0x28, 0xbc, 0x9f,
    0xb9, 0xa9, 0x90, 0x44, 0x5b, 0x3a, 0x3d, 0x78, 0xfd, 0xe6, 0x08, 0x24, 0x57, 0x60, 0xbd, 0x19,
    0xc5, 0xd8, 0x49, 0x45, 0x99, 0x8b, 0x0b, 0x22, 0x5c, 0xee, 0xbd, 0x88, 0x63, 0x2b, 0xa2, 0xfe,
    0xd0, 0x7e, 0xfe, 0xfa, 0xcf, 0x87, 0x85, 0x33, 0xf5, 0x97, 0xbc, 0x70, 0xdc, 0xa7, 0x84, 0x56,
    0x25, 0x1f, 0x6b, 0x21, 0x47, 0x10, 0x67, 0x17, 0x3e, 0xd9, 0x6d, 0xe1, 0xfe, 0xcc, 0x6d, 0x62,
    0x22, 0x7a, 0x45, 0x7a, 0xca, 0xbd, 0x0e, 0x66, 0xd8, 0x1a, 0xc5, 0x5e, 0x70, 0xd7, 0x2e, 0x29,
    0x15, 0xe7, 0x28, 0xd4, 0x64, 0x53, 0x28, 0xeb, 0x32, 0xe1, 0xba, 0xc3, 0xd0, 0x94, 0x99, 0x2a,
    0x31, 0x79, 0x04, 0x0d, 0xa1, 0x37, 0x8c, 0x1b, 0x66, 0x9a, 0xa0, 0x7c, 0xba, 0x5a, 0xdc, 0x95,
    0xbe, 0xf6, 0x02, 0x65, 0xc5, 0x9d, 0x38, 0x42, 0xb8, 0x3a, 0x15, 0x57, 0xc8, 0xec, 0x76, 0x36,
    0x36, 0xee, 0x6e, 0xfe, 0xf3, 0x71, 0xa7, 0xf5, 0xf0, 0x53, 0xf3, 0x1f, 0x36, 0xdb, 0x68, 0xfb,
    0x37, 0x4f, 0x2d, 0xb5, 0x3a, 0x2a, 0xc4, 0x72, 0x36, 0xcf, 0x30, 0x3a, 0x41, 0x3a, 0xe8, 0xa3,
    0xc2, 0x57, 0x7b, 0xb0, 0xc0, 0xcd, 0x9a, 0xd9, 0xd5, 0xc3, 0x12, 0x5e, 0xe0, 0x35, 0x1a, 0xbf,
    0x8c, 0xa7, 0xb8, 0x4a, 0xe1, 0x87, 0x16, 0xf6, 0x46, 0x59, 0x3a, 0x06, 0xf4, 0x17, 0xce, 0xa2,
    0x1f, 0x1e, 0x9f, 0x3c, 0x39, 0x7c, 0xf7, 0x0c, 0x6f, 0x2b, 0xc3, 0x80, 0xda, 0xba, 0x5d, 0x71,
    0x0a, 0xbb, 0x02, 0x36, 0xd0, 0x34, 0xf6, 0x1c, 0xe3, 0xed, 0x9b, 0xc3, 0x23, 0xe3, 0xa6, 0xb9,
    0xc9, 0x45, 0x14, 0xd0, 0x35, 0x49, 0xef, 0x35, 0x88, 0x50, 0x71, 0x98, 0x31, 0x36, 0x9f, 0xad,
    0xba, 0xd9, 0x4d, 0x7d, 0x21, 0xaf, 0x86, 0x81, 0xc1, 0xdd, 0x1a, 0xc4, 0x06, 0xb2, 0x78, 0x01,
    0x3d, 0x22, 0x9a, 0x0e, 0xe2, 0x3c, 0x19, 0x86, 0xd0, 0xf9, 0xf8, 0xe5, 0xe1, 0xb6, 0xc0, 0x40,
    0x1e, 0xc3, 0x68, 0xf0, 0x9e, 0xab, 0xab, 0x48, 0x5b, 0x95, 0x36, 0x89, 0xdc, 0x38, 0x84, 0xa6,
    0xa2, 0x9e, 0x7e, 0xf2, 0xb7, 0xd2, 0xe9, 0xfe, 0x9b, 0x4d, 0x11, 0xea, 0x3a, 0x74, 0xb1, 0x71,
    0x55, 0xe4, 0x2d, 0x86, 0x86, 0xd2, 0xb5, 0xe8, 0xe2, 0xac, 0xc3, 0xa4, 0x63, 0x26, 0x2d, 0xb2,
    0x12, 0xf5, 0x44, 0x8a, 0x8e, 0x65, 0xd3, 0x38, 0x01, 0x11, 0xf8, 0x10, 0x9a, 0x12, 0x46, 0x84,
    0xc3, 0xc3, 0x17, 0x4f, 0x6d, 0xf6, 0xe2, 0xad, 0xcd, 0xde, 0xc1, 0x4f, 0xb6, 0xd8, 0x64, 0xa7,
    0x41, 0x06, 0x9a, 0x35, 0xb4, 0x95, 0x12, 0x62, 0xa3, 0x29, 0x0f, 0x1a, 0x98, 0x27, 0x48, 0xf7,
    0x68, 0xc6, 0xdc, 0xec, 0x41, 0x9e, 0x43, 0xd1, 0x44, 0x34, 0x83, 0x2e, 0x95, 0x4a, 0x25, 0x5f,
    0xb8, 0xa4, 0x2d, 0x60, 0x60, 0x2c, 0x37, 0x3f, 0x18, 0xda, 0xa5, 0xed, 0x06, 0x99, 0x06, 0x92,
    0xd4, 0x3f, 0x0d, 0xe2, 0x79, 0x06, 0xa5, 0xf1, 0x62, 0x2d, 0xde, 0x88, 0x4a, 0xed, 0xad, 0x5d,
    0x91, 0xc6, 0x30, 0x85, 0x6b, 0x11, 0xc6, 0x22, 0xe8, 0x8e, 0x91, 0x31, 0xba, 0x68, 0x4d, 0xdb,
    0xc0, 0xbf, 0xd2, 0x95, 0x04, 0xe4, 0x3f, 0x51, 0x8f, 0x7b, 0x2b, 0x43, 0x6d, 0x97, 0xef, 0xad,
    0xff, 0x45, 0x62, 0x6c, 0x6f, 0x1a, 0x51, 0x5b, 0x2e, 0xa2, 0x87, 0xa2, 0x4e, 0xaf, 0x9b, 0x84,
    0xe6, 0x40, 0x95, 0x3d, 0xc6, 0x7b, 0xcb, 0x06, 0x59, 0x7b, 0x11, 0x8c, 0x03, 0xee, 0xc7, 0x2f,
    0xd7, 0x70, 0xaf, 0x51, 0x73, 0x09, 0x5a, 0xf9, 0xda, 0xb3, 0x5d, 0xb5, 0xe2, 0xd5, 0x20, 0xc4,
    0x9a, 0x4a, 0xf2, 0xf4, 0x9e, 0xdf, 0x8b, 0x86, 0xfd, 0xe1, 0x95, 0x9a, 0x3c, 0xc0, 0x50, 0xbb,
    0x10, 0x4d, 0x3a, 0xae, 0x55, 0x2e, 0x28, 0xe2, 0x03, 0xb5, 0x54, 0x74, 0x22, 0x10, 0x0c, 0xd8,
    0x41, 0xea, 0x26, 0xa6, 0xd7, 0x7e, 0xbe, 0xa0, 0xec, 0x65, 0xe2, 0xbd, 0x56, 0x2e, 0x48, 0x54,
    0xa9, 0x17, 0x6f, 0xd1, 0x4b, 0x38, 0xc5, 0xa1, 0xdb, 0xf4, 0x41, 0x15, 0x53, 0x87, 0x7d, 0x38,
    0xae, 0x93, 0x14, 0xda, 0x28, 0xdd, 0x2b, 0x20, 0x14, 0x53, 0x1e, 0xce, 0x9b, 0x66, 0x03, 0xad,
    0xdc, 0x6e, 0xeb, 0x5e, 0x67, 0xcf, 0xf8, 0xf9, 0xbf, 0xfe, 0x0f, 0xf5, 0xff, 0x78, 0x73, 0x9a,
    0xf6, 0x79, 0xa7, 0xfc, 0xf9, 0x3f, 0x2a, 0x9f, 0xef, 0x6b, 0x9f, 0xff, 0x63, 0xf9, 0xf3, 0x03,
    0xf9, 0xf9, 0x3f, 0xe4, 0x67, 0x43, 0xfd, 0xc6, 0xc7, 0xbe, 0x36, 0x34, 0x20, 0x9e, 0x83, 0xa5,
    0xae, 0x65, 0x54, 0xe9, 0x72, 0xaf, 0xd2, 0xf3, 0xdd, 0x31, 0x64, 0xac, 0x9f, 0x6c, 0x4c, 0x01,
    0x9f, 0x64, 0x27, 0xc3, 0x2e, 0x47, 0x96, 0x92, 0x27, 0xda, 0xd8, 0x9d, 0x05, 0xe1, 0x99, 0x33,
    0x8b, 0xa3, 0x98, 0x2e, 0xa7, 0x11, 0xfe, 0x68, 0x8d, 0x26, 0xfc, 0x6d, 0x36, 0xfa, 0x21, 0x08,
    0x24, 0x18, 0xff, 0x0e, 0x9f, 0xd0, 0x58, 0xd1, 0xe3, 0x37, 0x2f, 0x22, 0xec, 0xd4, 0x42, 0xb3,
    0x46, 0x53, 0x1b, 0x52, 0xb3, 0xc1, 0xbc, 0xc7, 0xb3, 0x86, 0xa5, 0x07, 0xfd, 0xe9, 0xeb, 0xc2,
    0x29, 0xd9, 0xaa, 0x45, 0x99, 0x0f, 0x64, 0x09, 0x7b, 0x9a, 0xea, 0xb7, 0xab, 0xce, 0x37, 0x31,
    0xad, 0x84, 0x65, 0xcf, 0x22, 0xfd, 0xad, 0x39, 0xff, 0x91, 0x5e, 0xe3, 0xb5, 0xab, 0xd5, 0x39,
    0xcb, 0x80, 0x41, 0xde, 0x9c, 0x01, 0xed, 0xed, 0x76, 0xf6, 0xa6, 0x69, 0xd3, 0x98, 0x02, 0xb5,
    0x9f, 0x45, 0x4d, 0x63, 0x66, 0x38, 0xfc, 0x4f, 0x75, 0xac, 0x59, 0xdb, 0xf3, 0x4f, 0x4f, 0x66,
    0xe3, 0x09, 0x5e, 0xa8, 0x47, 0x3f, 0x81, 0xe7, 0x84, 0x96, 0x7e, 0x49, 0x13, 0xbc, 0x99, 0x87,
    0x3e, 0x5d, 0x8d, 0xa7, 0xca, 0x1a, 0x7b, 0x94, 0x75, 0xc5, 0x68, 0x9a, 0x5a, 0x2d, 0x4a, 0x77,
    0xad, 0x63, 0x31, 0x7e, 0x19, 0x2f, 0x6a, 0x1a, 0x63, 0xcf, 0x3e, 0x20, 0x32, 0x8b, 0xef, 0xfd,
    0xa5, 0x68, 0xc9, 0xe9, 0xaf, 0x11, 0x3f, 0x76, 0x87, 0x5f, 0x9f, 0x0e, 0x7c, 0x44, 0xdd, 0xc5,
    0x37, 0x38, 0x16, 0x77, 0xb7, 0x63, 0x9c, 0x0d, 0xe0, 0xc0, 0x61, 0xe0, 0x89, 0x23, 0x78, 0x79,
    0x0d, 0xfc, 0xc9, 0xab, 0xc1, 0xf1, 0x1a, 0x57, 0xc0, 0xdb, 0x74, 0x59, 0xfc, 0x27, 0xed, 0xe8,
    0x7e, 0x39, 0x3a, 0x47, 0xba, 0x6e, 0x41, 0xb3, 0xaf, 0xf7, 0x5f, 0x1d, 0x1c, 0x7e, 0x5b, 0xc3,
    0x25, 0xb2, 0xf9, 0x71, 0x7e, 0x0e, 0x64, 0xf3, 0x71, 0xe7, 0xb2, 0xf0, 0x4c, 0xc7, 0x9e, 0x0a,
    0xc2, 0x39, 0xbd, 0x25, 0x0f, 0xc9, 0x2b, 0x5d, 0x68, 0x31, 0x9c, 0x4a, 0x7a, 0xd0, 0x1e, 0xdd,
    0xc4, 0x83, 0x16, 0x1b, 0x40, 0xf7, 0x09, 0x8a, 0x5c, 0x29, 0x79, 0xce, 0x4e, 0xd7, 0xf3, 0x87,
    0x24, 0x0f, 0xd2, 0x52, 0x52, 0x78, 0x11, 0x6b, 0x55, 0x93, 0xc3, 0x9d, 0x46, 0x0b, 0xb3, 0xd3,
    0x93, 0xb6, 0x1f, 0xb5, 0x65, 0x70, 0x16, 0xe0, 0xf2, 0x3f, 0xf0, 0x9c, 0xf4, 0x5a, 0x04, 0xeb,
    0xb6, 0xd6, 0xe7, 0x97, 0x16, 0x9f, 0xc1, 0x03, 0x2d, 0xec, 0x51, 0xef, 0xf9, 0x31, 0x6a, 0xe4,
    0x29, 0xec, 0x4b, 0x66, 0xfe, 0xc3, 0x26, 0x7a, 0xf1, 0x5f, 0x9b, 0x6f, 0x86, 0x06, 0x84, 0xf1,
    0x60, 0xda, 0x88, 0x8e, 0xda, 0x32, 0x40, 0xac, 0x26, 0x95, 0x2f, 0x8e, 0xc6, 0x4f, 0xe0, 0x4d,
    0xbb, 0xd3, 0x2d, 0xe7, 0x98, 0xaf, 0xac, 0xb9, 0xc8, 0x29, 0x6c, 0x92, 0x09, 0xd0, 0xba, 0xc1,
    0xa8, 0xb8, 0xed, 0x50, 0x1f, 0x96, 0x8a, 0x54, 0xbb, 0x76, 0x5c, 0xc5, 0x58, 0xae, 0x77, 0xa7,
    0xdf, 0x21, 0x77, 0xfa, 0x9d, 0x15, 0xee, 0xf4, 0x3c, 0xf0, 0x0d, 0x8f, 0x61, 0x82, 0xd8, 0x43,
    0xd9, 0x33, 0x48, 0x01, 0x5f, 0xc8, 0x1e, 0x8b, 0x01, 0x72, 0x99, 0xe6, 0x3b, 0xaf, 0xf0, 0x85,
    0x82, 0x0f, 0x03, 0xa0, 0xea, 0xa0, 0xaa, 0xe5, 0x62, 0x30, 0xb0, 0xcc, 0x14, 0x5c, 0x77, 0x71,
    0x71, 0xfc, 0xa9, 0xc6, 0x99, 0x31, 0xc7, 0xcb, 0x62, 0x91, 0x66, 0xd1, 0x8e, 0x3d, 0x82, 0x92,
    0xef, 0x80, 0x7a, 0xc1, 0x5b, 0x5b, 0xee, 0x54, 0x8b, 0xfb, 0x0b, 0x69, 0xd7, 0x7c, 0xaa, 0xc7,
    0x6b, 0xfc, 0x68, 0x6b, 0x51, 0xb6, 0xcf, 0x31, 0xa9, 0xdb, 0xe9, 0xfc, 0xa8, 0x79, 0xda, 0xba,
    0x9e, 0x87, 0x7d, 0xa3, 0x9f, 0x6d, 0x93, 0xe2, 0x84, 0xde, 0xd2, 0xbc, 0x8b, 0x9c, 0x3e, 0xdf,
    0xb0, 0x2f, 0x6e, 0xe0, 0x27, 0x8c, 0xf4, 0xe3, 0xe6, 0x6e, 0xc2, 0x23, 0x0c, 0x04, 0x0d, 0x65,
    0x1b, 0x4f, 0xe8, 0xa9, 0xce, 0x49, 0x98, 0x5f, 0x21, 0x57, 0x8a, 0xee, 0x5c, 0x19, 0xb3, 0x8e,
    0x19, 0x9c, 0x32, 0x36, 0x17, 0x31, 0x66, 0x85, 0x78, 0x3e, 0x52, 0xd9, 0x34, 0xb4, 0xec, 0xbe,
    0x6f, 0x05, 0x92, 0xe0, 0x61, 0x3d, 0xb7, 0xd8, 0xc3, 0xd7, 0x38, 0x69, 0xe1, 0x19, 0x59, 0x9b,
    0xbd, 0x18, 0xa3, 0x9a, 0xc2, 0x11, 0x49, 0x7c, 0xce, 0x78, 0x9a, 0x9d, 0xa1, 0xda, 0xb6, 0x18,
    0x9d, 0x1a, 0xf8, 0x99, 0x88, 0x20, 0x2d, 0xee, 0x36, 0x9f, 0x96, 0x1c, 0x17, 0xae, 0x40, 0x92,
    0x73, 0x8d, 0x46, 0xdf, 0xfc, 0xde, 0x60, 0x3d, 0xf5, 0xc1, 0x0e, 0xbf, 0x38, 0xb8, 0xbc, 0xf2,
    0xdf, 0x7c, 0x83, 0xf0, 0x15, 0xd4, 0x5e, 0x91, 0xf7, 0x82, 0x24, 0xe6, 0x6d, 0x3c, 0x64, 0x05,
    0x72, 0x88, 0x73, 0x44, 0x86, 0x8f, 0xf7, 0x0d, 0x13, 0x61, 0x24, 0xd7, 0xde, 0x1c, 0xbf, 0x62,
    0xc1, 0x60, 0xe9, 0xfe, 0x8e, 0xd7, 0xee, 0xac, 0xc0, 0x78, 0x1c, 0x96, 0xd3, 0x55, 0x61, 0x63,
    0x46, 0x3d, 0xc1, 0x29, 0x52, 0x6d, 0xb5, 0x53, 0x41, 0x5b, 0x78, 0x2f, 0xf8, 0xa4, 0x7a, 0x91,
    0xe4, 0x46, 0xa3, 0x32, 0x65, 0xae, 0xf2, 0x50, 0x83, 0x59, 0xa7, 0x32, 0x2a, 0x22, 0x7b, 0xc6,
    0xee, 0x9a, 0x1b, 0x55, 0xae, 0xc2, 0x8e, 0xcc, 0xd1, 0x57, 0x23, 0x65, 0x68, 0x68, 0x9f, 0xfa,
    0xb3, 0xf8, 0xd4, 0xa7, 0x6d, 0x4b, 0x63, 0x05, 0xdc, 0xff, 0x38, 0xef, 0xdd, 0xef, 0xee, 0xac,
    0xc4, 0xfd, 0x55, 0x2b, 0x88, 0xff, 0xd0, 0xbd, 0x89, 0x0e, 0x5d, 0x9e, 0x88, 0xeb, 0xb3, 0x5d,
    0xc9, 0x81, 0xc1, 0x68, 0x53, 0x73, 0x7d, 0xac, 0xe6, 0x42, 0x6b, 0x32, 0xcb, 0xc6, 0xd1, 0x00,
    0x56, 0x50, 0xbf, 0xd6, 0xfa, 0xee, 0x00, 0xca, 0xdc, 0x4c, 0x1c, 0xd8, 0x82, 0x01, 0x68, 0xd8,
    0x8b, 0x01, 0xe5, 0xd1, 0x9e, 0x41, 0x81, 0xae, 0xf7, 0x1e, 0xda, 0xdd, 0xad, 0x8e, 0xdd, 0xdb,
    0xde, 0xb1, 0xdb, 0xdd, 0x7b, 0x78, 0x43, 0x14, 0x07, 0x11, 0x68, 0xba, 0xa7, 0x98, 0x3b, 0x8a,
    0xee, 0x89, 0xea, 0x2f, 0x41, 0xb3, 0x8c, 0xf6, 0x3b, 0xcb, 0x01, 0x19, 0x4b, 0x97, 0x46, 0x5e,
    0x15, 0x91, 0x91, 0x7b, 0xa8, 0x22, 0x13, 0xe0, 0x61, 0x70, 0x43, 0x44, 0x95, 0x02, 0x8f, 0x69,
    0xf6, 0x22, 0x4e, 0x03, 0x87, 0xbd, 0x4e, 0x70, 0x86, 0xdc, 0xca, 0x78, 0x05, 0xb8, 0x16, 0xa4,
    0xb1, 0x82, 0xf4, 0x5f, 0x4f, 0x86, 0x77, 0x2a, 0xe2, 0x49, 0x5d, 0xa4, 0x1e, 0x25, 0xb3, 0x7b,
    0x86, 0x46, 0x88, 0x69, 0x3c, 0x4f, 0xaf, 0x64, 0xcf, 0xda, 0x6e, 0x41, 0xab, 0xc5, 0xf3, 0x62,
    0xbb, 0xe0, 0xe3, 0xd2, 0x76, 0x21, 0xee, 0xdc, 0xdb, 0xaa, 0x11, 0x56, 0x56, 0x8e, 0xe3, 0x28,
    0xfe, 0xa6, 0x51, 0xe4, 0xb1, 0x36, 0x86, 0x3c, 0xbe, 0x76, 0x04, 0x15, 0x00, 0x16, 0x8f, 0x2b,
    0x48, 0xad, 0x4b, 0x1c, 0x31, 0x43, 0xe8, 0xbc, 0x7f, 0x51, 0xc4, 0x3e, 0x10, 0x33, 0x27, 0xd1,
    0x7d, 0x8d, 0x20, 0x06, 0x22, 0x58, 0xb5, 0x41, 0x0c, 0xbe, 0x1e, 0x1b, 0x18, 0x14, 0xe7, 0x0b,
    0x7e, 0x58, 0x17, 0xd3, 0x40, 0xed, 0x28, 0x75, 0x87, 0x6c, 0x3c, 0x48, 0xa3, 0xa8, 0xd6, 0xb3,
    0x30, 0x76, 0xb5, 0x73, 0x89, 0xaa, 0xd1, 0x47, 0x23, 0x69, 0x0d, 0x03, 0x20, 0x64, 0x34, 0x3e,
    0x95, 0x0e, 0x29, 0x54, 0x8b, 0xb4, 0xaa, 0x35, 0x07, 0x1d, 0xf5, 0x0d, 0xd2, 0xa2, 0x5f, 0xdd,
    0x20, 0x2c, 0xd0, 0xda, 0xcd, 0xc1, 0xfa, 0x5d, 0xdd, 0x18, 0x52, 0x95, 0x81, 0x78, 0xbe, 0x1e,
    0xec, 0x50, 0xfa, 0x9f, 0x45, 0x83, 0x4e, 0xe3, 0x93, 0x23, 0xb7, 0x5f, 0x7d, 0x30, 0x09, 0x36,
    0xdd, 0x2c, 0x46, 0x3a, 0x2a, 0x0e, 0x5b, 0xb9, 0x89, 0x14, 0x17, 0xbc, 0x8d, 0xee, 0xd2, 0xe6,
    0x39, 0x2e, 0x83, 0xe3, 0x0b, 0xff, 0x8f, 0x8b, 0x0b, 0xb3, 0xcc, 0xa7, 0x6c, 0x84, 0xb2, 0x83,
    0xff, 0xd8, 0xd8, 0xa6, 0x83, 0xff, 0xd8, 0x04, 0x56, 0x87, 0xfe, 0xb5, 0x01, 0x22, 0x0e, 0xfc,
    0x27, 0x1c, 0xc0, 0xb5, 0x8c, 0x09, 0xbc, 0x93, 0x12, 0x02, 0x2a, 0x89, 0x4c, 0x65, 0x8c, 0x18,
    0x2c, 0xe7, 0x65, 0xc0, 0x16, 0x84, 0x7c, 0x39, 0x58, 0xc2, 0x58, 0xed, 0xa3, 0x3e, 0x7c, 0x03,
    0xd3, 0xf1, 0x70, 0x69, 0xc4, 0xe0, 0x23, 0x2e, 0xe4, 0x7e, 0x00, 0x39, 0x66, 0x86, 0xa0, 0xd1,
    0x77, 0x7b, 0xf7, 0xc5, 0xe0, 0x3b, 0x34, 0xf0, 0xde, 0x76, 0x11, 0x47, 0xf3, 0xcb, 0x19, 0x25,
    0xf9, 0xe9, 0x43, 0x6a, 0x5d, 0x97, 0x6b, 0xa2, 0xb4, 0x55, 0x15, 0x1f, 0x0c, 0x6e, 0x07, 0x5a,
    0xc0, 0x9d, 0x82, 0x91, 0x6f, 0x06, 0x76, 0xf7, 0xf7, 0x39, 0xe3, 0x42, 0x64, 0xbe, 0x6a, 0xba,
    0x32, 0x8f, 0x9e, 0xd2, 0x8e, 0x57, 0x9f, 0xb9, 0x48, 0x65, 0xba, 0x14, 0xb3, 0x55, 0xe8, 0xa7,
    0xd7, 0x54, 0x44, 0xbd, 0xd6, 0x92, 0x7b, 0x02, 0x34, 0x59, 0x5e, 0x59, 0xe2, 0x54, 0x2d, 0x95,
    0xaa, 0x6d, 0x87, 0xd4, 0xd1, 0xca, 0xee, 0xd7, 0x94, 0xbf, 0xf5, 0x1b, 0x12, 0xde, 0x27, 0xd5,
    0x96, 0xae, 0x58, 0xf9, 0x2b, 0x83, 0xa4, 0x44, 0xfe, 0x95, 0x6a, 0x94, 0xd4, 0x51, 0x11, 0x25,
    0x85, 0x8b, 0xa1, 0xe2, 0x69, 0xd6, 0x88, 0x92, 0x7a, 0x46, 0x61, 0x1d, 0x74, 0x96, 0xe0, 0x62,
    0xb8, 0x76, 0xed, 0x29, 0x89, 0xbe, 0xe2, 0xba, 0x8a, 0x73, 0xfe, 0xab, 0xa1, 0xe4, 0xf9, 0xd2,
    0x91, 0x00, 0xe6, 0x61, 0x32, 0x4a, 0xa9, 0x7a, 0x0c, 0xa3, 0x34, 0x50, 0x3d, 0xcd, 0x4e, 0x39,
    0xb0, 0x07, 0x6d, 0x95, 0xf2, 0x42, 0x63, 0x91, 0x2e, 0x49, 0x41, 0x9b, 0x6f, 0xe1, 0x6a, 0x96,
    0xa3, 0xbe, 0x9a, 0x9e, 0xfc, 0x21, 0x96, 0x5a, 0x94, 0x5f, 0xe2, 0x92, 0xbc, 0x1a, 0x37, 0x37,
    0x92, 0x73, 0xd2, 0xea, 0x25, 0xa5, 0xa2, 0x76, 0x7e, 0x45, 0x1f, 0x59, 0x0d, 0x1b, 0x96, 0xb5,
    0x4a, 0x87, 0x67, 0x34, 0x5b, 0x5c, 0x43, 0x6d, 0x7e, 0x7b, 0xe4, 0xd2, 0x6b, 0x38, 0x79, 0x1b,
    0x55, 0xc7, 0xfd, 0xdc, 0xec, 0x58, 0x20, 0xb0, 0xbc, 0x4f, 0x80, 0xee, 0x3e, 0x01, 0x2c, 0x37,
    0x2d, 0x10, 0x60, 0x32, 0x22, 0x32, 0xc8, 0x37, 0x2a, 0xa7, 0x6a, 0x57, 0x63, 0x0b, 0x13, 0xa3,
    0xd0, 0xf1, 0x04, 0xd7, 0xf6, 0xf0, 0xc9, 0xf3, 0x93, 0x27, 0x6f, 0x5e, 0xbe, 0x79, 0x87, 0xb6,
    0xbd, 0x1f, 0x78, 0x7c, 0x13, 0x94, 0x92, 0xd6, 0x6d, 0x5b, 0x59, 0xb3, 0xe1, 0x97, 0xfb, 0xe0,
    0xde, 0xbd, 0xf1, 0x7d, 0xfc, 0xe5, 0x8f, 0xb6, 0x1f, 0x3c, 0x7c, 0x88, 0xbf, 0x3a, 0x3b, 0xc3,
    0x1d, 0x6f, 0x1b, 0x7f, 0x3d, 0xd8, 0x1e, 0x8d, 0xba, 0x54, 0x77, 0xfc, 0xf0, 0xfe, 0x16, 0xfc,
    0x02, 0x61, 0x67, 0x73, 0x93, 0xbd, 0xc5, 0xed, 0xc7, 0x5c, 0xf6, 0xfc, 0xf9, 0xab, 0x57, 0xec,
    0xfd, 0xd1, 0x13, 0xc6, 0xb7, 0x02, 0x3a, 0x8d, 0xf3, 0xd3, 0x70, 0x82, 0x36, 0xb9, 0x72, 0x93,
    0x20, 0xc7, 0xcc, 0x4e, 0xab, 0xb7, 0x65, 0xe1, 0x91, 0x79, 0x71, 0xdb, 0x4c, 0xbb, 0x40, 0x95,
    0x93, 0x79, 0x3e, 0xc2, 0xb6, 0xc8, 0x11, 0xdf, 0x0d, 0x9f, 0x43, 0x15, 0x73, 0x3a, 0x9d, 0xcd,
    0x8a, 0x34, 0x41, 0xd2, 0xff, 0x9b, 0xde, 0xb6, 0x41, 0xa0, 0x3f, 0xc4, 0x00, 0x03, 0x73, 0xdb,
    0xc6, 0x0b, 0x58, 0x0b, 0xab, 0xa4, 0x62, 0xdd, 0x99, 0x80, 0x29, 0xe8, 0x06, 0x00, 0xd5, 0xd9,
    0xf2, 0x87, 0x9e, 0xbd, 0x6d, 0xa9, 0xfd, 0xae, 0x64, 0x8b, 0x28, 0x5e, 0x0c, 0xf0, 0xc8, 0xfe,
    0x29, 0x10, 0x19, 0x53, 0x93, 0xb1, 0xbc, 0xe2, 0x2d, 0xfe, 0xd3, 0x86, 0x39, 0x9b, 0x50, 0x16,
    0x69, 0x0e, 0xfc, 0x44, 0x17, 0xda, 0xbf, 0xf8, 0xa0, 0x78, 0x58, 0x76, 0xf1, 0xf2, 0x15, 0x08,
    0xb5, 0xd3, 0xd2, 0x1b, 0xde, 0xa8, 0x3d, 0xb5, 0x67, 0xba, 0xf8, 0x26, 0x10, 0x33, 0x1d, 0x78,
    0x6d, 0x31, 0x7d, 0x5f, 0xcc, 0xd5, 0xf0, 0xa3, 0xd6, 0xfb, 0x43, 0xc3, 0xa6, 0x8b, 0xe0, 0xff,
    0x8a, 0x17, 0xc1, 0x17, 0xc0, 0xb3, 0x11, 0xac, 0xdd, 0x9e, 0x08, 0x23, 0xc6, 0x07, 0xc7, 0xe8,
    0xf1, 0xbc, 0x71, 0x86, 0xcd, 0x83, 0x11, 0x8a, 0x17, 0x52, 0x7e, 0x81, 0x95, 0x93, 0xbd, 0xe1,
    0x61, 0xae, 0xdf, 0x9e, 0xb4, 0x59, 0xa3, 0xbb, 0xed, 0x6c, 0xf5, 0x1a, 0x74, 0xec, 0x99, 0xa0,
    0x2b, 0x30, 0xb6, 0xc5, 0x0d, 0xe3, 0x5c, 0x1e, 0x51, 0x90, 0x93, 0x55, 0x89, 0x27, 0x02, 0x2e,
    0x3a, 0x86, 0x75, 0xdc, 0xf9, 0x64, 0xfd, 0xd8, 0xdb, 0x2e, 0xa3, 0xaa, 0x14, 0xa2, 0x4b, 0xc4,
    0x60, 0x38, 0x0f, 0x42, 0x4f, 0xda, 0xbb, 0xd1, 0xa2, 0x82, 0xea, 0xae, 0x99, 0x49, 0x03, 0xb8,
    0x5a, 0x68, 0xd4, 0x3a, 0x57, 0xf3, 0x18, 0x28, 0x4f, 0x48, 0x85, 0x95, 0x49, 0x4b, 0x2d, 0xd6,
    0x1e, 0x9d, 0x9b, 0xd7, 0xab, 0x58, 0xd4, 0x09, 0xfd, 0x09, 0x70, 0xd7, 0xab, 0x6b, 0xf1, 0x32,
    0x86, 0x0a, 0x2b, 0xc3, 0x5e, 0x2f, 0x2e, 0xee, 0x62, 0x77, 0xf0, 0x87, 0x7f, 0xd5, 0x4e, 0x4e,
    0x29, 0x1e, 0x4e, 0xce, 0x0a, 0x0a, 0xa8, 0xdf, 0xc2, 0x89, 0xc2, 0x3a, 0xc7, 0x06, 0x56, 0xd0,
    0x52, 0x3d, 0xa6, 0xec, 0x31, 0x02, 0x8c, 0x81, 0x10, 0x7b, 0xf6, 0xe9, 0x18, 0x97, 0xe4, 0x13,
    0x6b, 0xed, 0x32, 0x37, 0x4d, 0x5d, 0xcc, 0x3d, 0xcf, 0x64, 0xb3, 0x94, 0xc6, 0xfa, 0x8b, 0x4c,
    0xce, 0x3c, 0xa2, 0x54, 0x4a, 0x41, 0x2e, 0x23, 0xc4, 0xfc, 0x30, 0x94, 0xfa, 0x89, 0xd4, 0xd4,
    0x3d, 0x90, 0x9c, 0x3d, 0xd0, 0xd4, 0x3d, 0xd4, 0xd4, 0xa9, 0x00, 0x17, 0x08, 0x8f, 0x3f, 0x61,
    0x6e, 0x73, 0x5e, 0x66, 0x8a, 0x9a, 0xfa, 0x23, 0x58, 0xd6, 0x29, 0x14, 0xa2, 0x32, 0xc7, 0xde,
    0x27, 0x55, 0x0c, 0xc7, 0x57, 0xcc, 0x6a, 0x49, 0x8a, 0xce, 0xec, 0xa0, 0xf0, 0x7c, 0xc0, 0xb8,
    0x73, 0x2e, 0x70, 0x68, 0x20, 0xd2, 0x75, 0x8c, 0xba, 0x8d, 0x2f, 0xe2, 0xb9, 0xac, 0xb2, 0xfa,
    0xb0, 0xaa, 0x64, 0xac, 0x1f, 0x4c, 0x42, 0xb9, 0xc1, 0x80, 0x5a, 0xb6, 0xf0, 0xb7, 0xc9, 0xd5,
    0xd3, 0xde, 0x36, 0x21, 0x29, 0x81, 0xb5, 0xb7, 0x3d, 0xe5, 0x01, 0xb0, 0x3c, 0x91, 0x72, 0x1d,
    0x54, 0x8a, 0xf4, 0xad, 0x77, 0xf1, 0x2c, 0x49, 0xda, 0x30, 0x3c, 0xcb, 0xb2, 0xd0, 0xae, 0x05,
    0x7b, 0xcb, 0xd7, 0x0f, 0x12, 0xa7, 0xbc, 0x43, 0xf9, 0x8a, 0x52, 0x8e, 0x98, 0xd3, 0xbb, 0x83,
    0x01, 0x8c, 0x40, 0x80, 0x18, 0xc0, 0x77, 0x3c, 0x15, 0x10, 0x0c, 0xac, 0xfe, 0x74, 0x60, 0x4e,
    0x41, 0x49, 0x80, 0x31, 0x5d, 0xaa, 0x43, 0x31, 0xbe, 0x45, 0x61, 0x80, 0xef, 0x48, 0xde, 0x63,
    0x53, 0x10, 0x4d, 0x30, 0x7d, 0x68, 0xbc, 0x70, 0x60, 0x59, 0x53, 0x60, 0xb1, 0xb4, 0x9c, 0xac,
    0xc9, 0xe9, 0x69, 0x1e, 0x8c, 0x3e, 0xcb, 0x20, 0xc3, 0x69, 0x3e, 0x0b, 0xb9, 0x19, 0x40, 0xd7,
    0x6c, 0x6b, 0x17, 0xf3, 0x1c, 0xcb, 0x56, 0xcc, 0x3f, 0xcb, 0x69, 0xf0, 0x6b, 0xb2, 0xbb, 0xd0,
    0x86, 0x9b, 0xfa, 0xfc, 0xbe, 0x06, 0x3a, 0x95, 0x9e, 0xfe, 0xb8, 0x43, 0x37, 0x08, 0x4c, 0xb9,
    0x21, 0x43, 0xde, 0x8c, 0xc4, 0x27, 0xf1, 0x14, 0xb0, 0x34, 0xe5, 0x0e, 0x18, 0xab, 0x41, 0x5c,
    0x33, 0x16, 0x32, 0x04, 0x2c, 0x78, 0x37, 0x78, 0x57, 0x62, 0x4d, 0xde, 0x0e, 0x61, 0xcb, 0x69,
    0x71, 0xd7, 0xb9, 0xed, 0xe5, 0x54, 0x65, 0xc2, 0x80, 0x72, 0x78, 0xf2, 0x0a, 0xc0, 0xde, 0x6c,
    0x94, 0x92, 0x79, 0xd4, 0x03, 0x45, 0x3f, 0x15, 0x1e, 0x68, 0x0b, 0xa6, 0xaf, 0xf2, 0x70, 0x32,
    0x58, 0x32, 0x2d, 0xe9, 0xdf, 0x29, 0xf2, 0x77, 0x50, 0xf4, 0x8b, 0x67, 0x94, 0x53, 0x50, 0x39,
    0x3b, 0x1d, 0x55, 0x0c, 0xf3, 0x01, 0x09, 0x2a, 0x80, 0xb7, 0x38, 0xa8, 0x7e, 0x19, 0x36, 0x5e,
    0xb0, 0xec, 0xe3, 0x11, 0x50, 0xd5, 0x1f, 0x8b, 0x67, 0x51, 0x45, 0x8d, 0x46, 0x24, 0x83, 0x6a,
    0x0e, 0x0c, 0xa2, 0xd9, 0x3f, 0x18, 0x4d, 0xb5, 0x1b, 0xa9, 0xea, 0xa7, 0x76, 0x16, 0x78, 0xb2,
    0xb0, 0x4a, 0xbf, 0x27, 0x7b, 0xde, 0xd5, 0xfb, 0x85, 0x95, 0x42, 0x8a, 0x11, 0xba, 0x89, 0x43,
    0x1c, 0x3c, 0x41, 0xff, 0x33, 0x65, 0x68, 0x63, 0x73, 0x8a, 0x58, 0xc1, 0x64, 0xf9, 0xb4, 0x0e,
    0x99, 0x3e, 0x5e, 0x23, 0xa5, 0x2c, 0x4b, 0xb8, 0x12, 0x88, 0x1b, 0x6e, 0x0a, 0x92, 0xb6, 0xeb,
    0x05, 0xe8, 0x3e, 0xb5, 0x7d, 0xcf, 0xf3, 0x27, 0xb6, 0xd1, 0xbc, 0x7e, 0x4a, 0x00, 0x25, 0xb2,
    0x26, 0x56, 0x0b, 0x77, 0x57, 0x14, 0xc6, 0x1b, 0x4b, 0x1e, 0x24, 0x5f, 0x0a, 0xc8, 0x57, 0x60,
    0xa1, 0x26, 0x03, 0x40, 0x19, 0xb5, 0x67, 0x6e, 0x52, 0x90, 0xa5, 0xa0, 0x70, 0x71, 0x57, 0xd0,
    0x0a, 0x08, 0x54, 0x97, 0x56, 0xfb, 0x6f, 0x71, 0x10, 0x99, 0x86, 0x0d, 0xd5, 0xd4, 0x09, 0xf7,
    0xa5, 0x3c, 0xe9, 0xd6, 0x90, 0x94, 0xaf, 0x31, 0x5a, 0x9c, 0xa8, 0xd3, 0x86, 0x32, 0xb5, 0xb9,
    0x19, 0xc6, 0xdb, 0xb5, 0xe8, 0x52, 0x6a, 0xa7, 0x5b, 0xb6, 0x55, 0x0e, 0x27, 0xcd, 0x46, 0xc5,
    0xde, 0x88, 0xf9, 0xf5, 0x80, 0x45, 0xab, 0xfd, 0x54, 0x4d, 0x60, 0x2a, 0x28, 0x02, 0xfc, 0x87,
    0x5c, 0x46, 0x3f, 0x9e, 0x86, 0xc1, 0x08, 0x32, 0xf1, 0x92, 0x18, 0x8f, 0xe4, 0x63, 0x13, 0x91,
    0x8b, 0xfa, 0x16, 0xe8, 0x32, 0x77, 0x2a, 0xd3, 0x96, 0x23, 0x58, 0x89, 0x8b, 0x84, 0xf7, 0xdd,
    0x01, 0x10, 0xe6, 0x23, 0x4e, 0x94, 0x15, 0xe9, 0xb6, 0xf3, 0x5e, 0xf5, 0xb5, 0xa2, 0xd3, 0xe1,
    0x64, 0x85, 0xfd, 0x39, 0x88, 0x88, 0xca, 0x5c, 0x65, 0x09, 0xae, 0xbf, 0x94, 0x43, 0xba, 0x12,
    0xd5, 0xb7, 0x47, 0xd4, 0x5e, 0x1d, 0x75, 0x41, 0x03, 0x1a, 0xd8, 0xcb, 0x4b, 0x45, 0x2d, 0xd7,
    0xad, 0x96, 0xf2, 0x4a, 0xfa, 0x01, 0xdd, 0x30, 0x00, 0x67, 0x9a, 0x0d, 0x06, 0x58, 0xd0, 0x6d,
    0x36, 0x7e, 0xfe, 0xb7, 0xff, 0x84, 0x1f, 0xbd, 0x12, 0x99, 0xe1, 0xa4, 0x9c, 0x4b, 0x06, 0xda,
    0xe2, 0x85, 0xe8, 0xbe, 0x50, 0x97, 0xea, 0x4a, 0x9f, 0xca, 0xc7, 0xc6, 0xee, 0x3e, 0x3a, 0xa2,
    0xca, 0x75, 0x54, 0x61, 0x6d, 0xd2, 0x7d, 0x80, 0x92, 0x72, 0xd6, 0x48, 0x10, 0xd2, 0x41, 0x8b,
    0x32, 0x03, 0x08, 0x1e, 0x42, 0x91, 0x64, 0x52, 0x50, 0xc0, 0x73, 0x48, 0xe0, 0x1e, 0x52, 0x08,
    0xe2, 0xfe, 0x66, 0x30, 0x16, 0x2e, 0x52, 0xd0, 0x0d, 0x13, 0x3c, 0x02, 0xd5, 0x21, 0x03, 0x1b,
    0x36, 0x33, 0x0c, 0x72, 0xbc, 0xd8, 0xc2, 0xe6, 0xc1, 0xbc, 0x9b, 0xb8, 0x86, 0x42, 0xd0, 0xcf,
    0xd0, 0xc3, 0x0e, 0xa5, 0x40, 0x86, 0x57, 0x9b, 0x80, 0x3c, 0x82, 0x71, 0xf8, 0xca, 0x9b, 0x41,
    0xb8, 0xc4, 0x62, 0x13, 0x98, 0xd4, 0x75, 0x06, 0x3d, 0x07, 0x23, 0x8a, 0x53, 0xc9, 0x18, 0xf0,
    0xe8, 0xc9, 0x24, 0xf4, 0x37, 0x3d, 0x9f, 0xa2, 0xc6, 0x51, 0x9b, 0x05, 0x41, 0xd3, 0x4b, 0x5d,
    0x9e, 0xa2, 0xd1, 0xa5, 0x20, 0xbc, 0xc2, 0x17, 0xce, 0xc5, 0x36, 0xb1, 0x21, 0xdd, 0x5b, 0x82,
    0xc2, 0x66, 0xb0, 0x63, 0x97, 0x1c, 0x6e, 0x69, 0xf9, 0x5a, 0x48, 0xbe, 0xda, 0xd5, 0xf3, 0x31,
    0x55, 0x05, 0x24, 0x4d, 0x8a, 0x2a, 0xa6, 0x54, 0x67, 0x52, 0xd6, 0x0c, 0xaf, 0x91, 0xfc, 0xf0,
    0xe4, 0x96, 0xe7, 0xd3, 0x09, 0x2b, 0x89, 0x07, 0xbe, 0x0e, 0xee, 0xde, 0x95, 0x56, 0x16, 0x28,
    0xfa, 0x57, 0x1f, 0xb3, 0x0a, 0x72, 0x01, 0x23, 0x06, 0xc6, 0x14, 0x44, 0x6e, 0xc8, 0xde, 0x52,
    0x82, 0x3d, 0x87, 0x5c, 0x3a, 0x34, 0x08, 0x6e, 0x22, 0x74, 0xc9, 0x27, 0x96, 0x5c, 0x16, 0x39,
    0x38, 0xa0, 0xd9, 0x92, 0x3b, 0x48, 0x36, 0x92, 0x9a, 0xc9, 0x2a, 0xb9, 0xd9, 0x5a, 0x99, 0x34,
    0xa2, 0x58, 0x61, 0x2d, 0x61, 0x84, 0x14, 0x4c, 0x95, 0x14, 0x1a, 0xde, 0xde, 0xc5, 0x54, 0xaf,
    0x63, 0x0d, 0x5f, 0xcf, 0xfc, 0x1c, 0xb4, 0x5f, 0x09, 0xea, 0x3d, 0xa3, 0x0d, 0x6a, 0x42, 0x9b,
    0x1d, 0xb9, 0x09, 0xe3, 0x87, 0xc9, 0x68, 0x71, 0xc4, 0x04, 0xd6, 0x74, 0xb5, 0x07, 0x25, 0x88,
    0x37, 0xc8, 0x39, 0xa6, 0x74, 0x99, 0x94, 0x2e, 0xd8, 0x7c, 0xdd, 0xbb, 0x61, 0x72, 0x41, 0x91,
    0x89, 0x8e, 0xce, 0x3e, 0x30, 0x5d, 0x69, 0x77, 0xeb, 0x61, 0x1f, 0x43, 0xbb, 0x29, 0x1b, 0x9c,
    0x38, 0xc5, 0xb5, 0xb5, 0x91, 0x83, 0x92, 0x5f, 0xbb, 0x4c, 0xcc, 0xc4, 0x23, 0x5b, 0xba, 0x16,
    0x39, 0xc6, 0x08, 0x11, 0xcc, 0x91, 0x08, 0xbb, 0x69, 0x16, 0xe4, 0x96, 0x74, 0x4d, 0x74, 0x8a,
    0x09, 0xdf, 0xce, 0x60, 0xbb, 0xcf, 0xb6, 0x9f, 0x3c, 0xee, 0xb3, 0x3f, 0x07, 0xfe, 0xa2, 0x45,
    0x63, 0x88, 0xcb, 0xe3, 0x56, 0x1d, 0x8b, 0x5b, 0x27, 0x60, 0x61, 0x97, 0x09, 0xbe, 0x76, 0xaa,
    0xe0, 0x51, 0x2e, 0xe8, 0xba, 0xd3, 0x3a, 0xee, 0x2f, 0xa5, 0x9d, 0xd3, 0x79, 0x59, 0x53, 0x8a,
    0x31, 0x43, 0x12, 0x63, 0xbe, 0x87, 0xd6, 0xd3, 0x2e, 0x0b, 0x66, 0x03, 0x78, 0x3b, 0x1b, 0xa5,
    0x8f, 0x06, 0x5d, 0xf4, 0xf6, 0x82, 0x5f, 0xbb, 0x83, 0xad, 0x9e, 0xb5, 0x67, 0x00, 0xe6, 0x10,
    0x20, 0xd1, 0xdf, 0x0e, 0xde, 0x42, 0x6f, 0xfb, 0x5a, 0x77, 0xfe, 0x67, 0xac, 0x97, 0xd3, 0x55,
    0xd4, 0x1b, 0x1b, 0xf2, 0x57, 0x9b, 0x27, 0x12, 0xee, 0x5a, 0x7b, 0xea, 0x23, 0x37, 0xee, 0x6d,
    0xe2, 0x15, 0x26, 0xe8, 0x1c, 0x86, 0xe7, 0xac, 0x8e, 0x61, 0xe8, 0x97, 0x8a, 0x70, 0xb7, 0x4d,
    0xe5, 0x19, 0xa4, 0xbb, 0x5d, 0x7e, 0x6c, 0xd4, 0x38, 0x6b, 0x7e, 0xc4, 0x1b, 0xb5, 0x8a, 0x8c,
    0x83, 0xab, 0xcb, 0x0b, 0x3f, 0xcd, 0x8f, 0x74, 0x6f, 0x96, 0x4e, 0xa3, 0xa5, 0xe2, 0x32, 0x79,
    0x81, 0x09, 0x6c, 0xb4, 0xbe, 0x7f, 0xfe, 0xf7, 0xff, 0x26, 0xb7, 0xc4, 0xff, 0x55, 0x2e, 0xf6,
    0x84, 0xd8, 0xae, 0x56, 0x8e, 0x63, 0x89, 0x68, 0xbf, 0x38, 0xd8, 0x2c, 0xdc, 0xbc, 0xf5, 0xda,
    0x47, 0x24, 0x99, 0x68, 0xb5, 0xdf, 0x16, 0xd9, 0x76, 0x25, 0x86, 0x43, 0x13, 0xef, 0xfc, 0x0c,
    0xc8, 0x5d, 0xe5, 0x75, 0x7f, 0x95, 0x30, 0xfe, 0xfd, 0x0e, 0x03, 0xb7, 0xe0, 0x27, 0x40, 0xe7,
    0xd1, 0x84, 0x68, 0x9a, 0xaf, 0x80, 0xbe, 0xc5, 0xc4, 0xf9, 0x3e, 0xec, 0x21, 0xce, 0xe2, 0x2b,
    0xdd, 0x56, 0x35, 0x0a, 0xdd, 0x03, 0xa8, 0xc7, 0x95, 0x05, 0xe4, 0xe3, 0x20, 0x3e, 0xfe, 0x27,
    0xe3, 0x9c, 0x9c, 0xa1, 0xeb, 0x25, 0xac, 0xad, 0xe4, 0xe9, 0x37, 0x4f, 0x6d, 0xba, 0xc5, 0x1d,
    0x39, 0x4d, 0x2f, 0x13, 0x01, 0x15, 0x20, 0x00, 0x00, 0xca, 0xe3, 0x6e, 0xa3, 0xb3, 0xdf, 0xff,
    0xef, 0xff, 0x85, 0xbe, 0x60, 0x03, 0x34, 0x4d, 0xff, 0xf3, 0x9e, 0x81, 0x8f, 0x46, 0xd3, 0xff,
    0x2c, 0x0e, 0x86, 0xe1, 0xa9, 0x90, 0x36, 0x4a, 0xe7, 0x96, 0x1a, 0x79, 0x6d, 0xa0, 0x0f, 0xf1,
    0x2a, 0x20, 0x23, 0xbc, 0xf0, 0x68, 0x9b, 0x83, 0x70, 0x0a, 0x7c, 0xfb, 0x33, 0x42, 0x07, 0x2f,
    0x0a, 0xe6, 0x15, 0xaf, 0x71, 0x45, 0x28, 0xc4, 0x5d, 0x81, 0x60, 0x9a, 0xc4, 0xbb, 0x74, 0xa2,
    0x5e, 0x9f, 0x2f, 0x9a, 0xea, 0x3e, 0xe1, 0x62, 0x95, 0x9e, 0xcc, 0x8f, 0x98, 0x9e, 0xe4, 0x6a,
    0xa6, 0x9a, 0x26, 0xe5, 0xf0, 0x15, 0x7b, 0x06, 0x27, 0x2d, 0x3d, 0x8e, 0x50, 0xbf, 0xbc, 0xa1,
    0xdf, 0x44, 0x55, 0x39, 0x2c, 0x06, 0x81, 0x7c, 0xb9, 0x76, 0x08, 0x3f, 0xff, 0x3f, 0xff, 0xe7,
    0xda, 0x8e, 0x47, 0xdf, 0x06, 0x8e, 0x55, 0xee, 0x1b, 0x5c, 0x18, 0x5a, 0x31, 0x98, 0xff, 0xaa,
    0xfa, 0x70, 0x58, 0x15, 0x7c, 0xd0, 0x64, 0xce, 0x25, 0x5d, 0x81, 0xc4, 0xc1, 0x1f, 0xba, 0x3d,
    0x1e, 0x01, 0xad, 0x64, 0x13, 0x93, 0x4b, 0x2c, 0x96, 0x10, 0x52, 0x8c, 0x8c, 0xa5, 0x28, 0xc7,
    0x64, 0x24, 0x1e, 0x66, 0x24, 0xd4, 0xa1, 0x3e, 0x15, 0xf0, 0x7b, 0x26, 0x0b, 0x62, 0x41, 0x62,
    0x21, 0xdd, 0x54, 0x12, 0xc6, 0x20, 0x7e, 0xa1, 0x04, 0x46, 0x36, 0x5e, 0xbc, 0xf8, 0x8c, 0x5a,
    0x60, 0x26, 0xa6, 0x45, 0x69, 0x05, 0x78, 0x5b, 0x6c, 0x80, 0xb9, 0x18, 0x9e, 0xc2, 0xc4, 0x46,
    0x79, 0xf5, 0x66, 0x34, 0xba, 0x41, 0x0c, 0x9a, 0x42, 0x7c, 0x45, 0x31, 0xc6, 0x61, 0x7c, 0x40,
    0x68, 0xe3, 0x4a, 0xf8, 0x55, 0x60, 0xd4, 0x33, 0x66, 0x56, 0x39, 0x95, 0x4c, 0xd0, 0xea, 0x63,
    0xde, 0xc0, 0xf4, 0x0c, 0xfb, 0x27, 0xb5, 0x16, 0x0a, 0x8b, 0x61, 0x93, 0x10, 0xdb, 0x2e, 0x67,
    0x73, 0x2c, 0x64, 0xbf, 0x93, 0x14, 0x6f, 0xae, 0xfc, 0x76, 0xb1, 0x2f, 0xb4, 0xc2, 0x52, 0xb0,
    0xc3, 0x9a, 0xf1, 0x0a, 0xab, 0x22, 0x15, 0xae, 0x0c, 0xb5, 0xbb, 0x77, 0xd3, 0x48, 0xbb, 0x2c,
    0x2f, 0xd4, 0xba, 0x0c, 0xf9, 0x64, 0xde, 0xfe, 0xca, 0x17, 0xf7, 0x7c, 0x49, 0x42, 0xa5, 0xbc,
    0xf8, 0xfd, 0x12, 0x70, 0xf8, 0x07, 0xd3, 0xea, 0xf3, 0x10, 0xee, 0xe5, 0x2a, 0xfc, 0xd6, 0xe0,
    0x52, 0x9d, 0xfd, 0x34, 0x95, 0x30, 0xed, 0x5f, 0xd6, 0x3a, 0x4c, 0x5b, 0x37, 0x68, 0xc8, 0x52,
    0xca, 0x8b, 0xcb, 0x33, 0xd0, 0x6c, 0x8b, 0xc4, 0x18, 0x4a, 0x85, 0x41, 0xa4, 0x03, 0x0d, 0x82,
    0x23, 0x5a, 0x93, 0xe9, 0x98, 0xc6, 0x3a, 0xed, 0xf6, 0x96, 0x45, 0x37, 0xf3, 0x46, 0x71, 0x3a,
    0x03, 0x0e, 0xf2, 0xd5, 0x57, 0x3a, 0x48, 0x59, 0x22, 0x07, 0x64, 0x87, 0x85, 0xf0, 0x6c, 0x62,
    0x2a, 0x4e, 0x03, 0x6d, 0x8a, 0x0d, 0x1b, 0x65, 0x16, 0xf9, 0x9b, 0xce, 0xea, 0x41, 0x1c, 0xb1,
    0xa3, 0x74, 0x72, 0x59, 0x1c, 0x69, 0x10, 0x8e, 0x61, 0x7b, 0x3c, 0x4f, 0x4f, 0x45, 0xc1, 0x90,
    0x89, 0x81, 0xda, 0x9a, 0xd0, 0x86, 0x5b, 0x68, 0x91, 0x62, 0xde, 0x61, 0x1e, 0x4d, 0x46, 0xa9,
    0x2c, 0x30, 0x73, 0x31, 0x85, 0x71, 0xac, 0x42, 0x57, 0xb9, 0x22, 0xdf, 0xa7, 0xa5, 0x48, 0x40,
    0x72, 0x98, 0x65, 0x98, 0xbc, 0x90, 0x02, 0x02, 0x51, 0x9e, 0xad, 0x03, 0xa0, 0x25, 0x6e, 0x18,
    0xd2, 0x13, 0x25, 0xa4, 0x3e, 0x26, 0x54, 0xcc, 0x78, 0x6b, 0x20, 0x04, 0xcf, 0xf0, 0x2e, 0x49,
    0x0a, 0x8f, 0x8a, 0x78, 0xb2, 0x29, 0x14, 0x88, 0xa3, 0x18, 0xc8, 0x21, 0x4f, 0x60, 0x84, 0xd9,
    0xc2, 0xcf, 0x28, 0x25, 0x36, 0x14, 0x00, 0xa4, 0x6e, 0xc5, 0xe3, 0x56, 0xca, 0x93, 0x2b, 0x04,
    0xe8, 0xee, 0x98, 0x7e, 0xce, 0xc4, 0xad, 0x7f, 0xd0, 0x1e, 0x2a, 0xc7, 0x8c, 0x12, 0x09, 0xba,
    0x9e, 0x9b, 0xe0, 0x05, 0x35, 0x31, 0x5d, 0x6b, 0x88, 0x5b, 0x9c, 0x93, 0x97, 0x11, 0x88, 0x1e,
    0xb9, 0xb8, 0x34, 0x4a, 0xa4, 0x3f, 0x02, 0x20, 0xc7, 0x18, 0x59, 0x99, 0xba, 0x94, 0xa5, 0x21,
    0x9f, 0xba, 0x11, 0x6f, 0x0d, 0xf6, 0xe4, 0x9c, 0xae, 0xb8, 0xdc, 0x6e, 0xb3, 0x57, 0xfb, 0xff,
    0x74, 0xf8, 0xf2, 0xcd, 0xd1, 0x21, 0x1e, 0x71, 0xa0, 0xa0, 0x81, 0x41, 0x57, 0x2e, 0xec, 0xc7,
    0x33, 0xb2, 0x6d, 0x91, 0x16, 0x4b, 0x63, 0x54, 0xf3, 0x24, 0xdb, 0x39, 0x07, 0x9d, 0x98, 0x2c,
    0xde, 0x93, 0x08, 0x80, 0xd2, 0xf2, 0xb9, 0xd0, 0x7c, 0x51, 0x12, 0xc3, 0xb0, 0xc3, 0x9c, 0x61,
    0x5c, 0x23, 0x66, 0x94, 0xa2, 0x91, 0xb6, 0xd9, 0x01, 0x96, 0x6f, 0x01, 0x99, 0x6e, 0xf1, 0xfc,
    0x24, 0x04, 0x75, 0xde, 0x94, 0x49, 0x8a, 0x44, 0xc7, 0x66, 0x9d, 0x8e, 0xd3, 0xe9, 0xb4, 0xe8,
    0x5f, 0x8b, 0xdc, 0x43, 0xb3, 0xcf, 0x41, 0x42, 0x16, 0x37, 0xa0, 0xb6, 0x0b, 0x9f, 0x7d, 0xf6,
    0xfd, 0x84, 0x88, 0x9e, 0x88, 0x6d, 0xa4, 0xa9, 0xcf, 0xda, 0x02, 0x0b, 0x00, 0x9c, 0x83, 0xe3,
    0x4f, 0x76, 0x30, 0xe8, 0xd8, 0x72, 0x7e, 0x83, 0xee, 0x0e, 0x79, 0x15, 0x2b, 0x34, 0xc2, 0x10,
    0x54, 0xb3, 0xa0, 0x06, 0xc1, 0xee, 0x40, 0x16, 0x45, 0x32, 0x52, 0xd6, 0x87, 0x31, 0x99, 0x96,
    0x50, 0xb7, 0xfa, 0x97, 0xeb, 0x5f, 0x2a, 0x88, 0x98, 0x23, 0xc2, 0x89, 0x83, 0x5f, 0x2e, 0x74,
    0x58, 0xb3, 0xc0, 0x7b, 0x17, 0x17, 0x2a, 0x84, 0xb8, 0x7a, 0xd3, 0x32, 0x32, 0xc9, 0x6a, 0x76,
    0xd0, 0xeb, 0xe7, 0x29, 0x0f, 0x14, 0xf1, 0xae, 0xe2, 0xa2, 0x23, 0xae, 0x04, 0xa1, 0x7a, 0x42,
    0x74, 0x01, 0xf3, 0xfe, 0xe1, 0x8d, 0x88, 0x06, 0x7f, 0x13, 0x27, 0xea, 0x45, 0xd9, 0x7c, 0x4a,
    0x08, 0x2c, 0xd1, 0x13, 0x28, 0x0b, 0x2d, 0xb6, 0xb0, 0x9b, 0x20, 0xfe, 0x1d, 0xc2, 0xd8, 0xdc,
    0xb3, 0x16, 0xf7, 0x18, 0x37, 0xe1, 0x43, 0x67, 0x00, 0xaf, 0x6c, 0xee, 0x3b, 0x9c, 0xce, 0x7c,
    0xcf, 0xd1, 0x5b, 0xe3, 0xce, 0x36, 0x6c, 0x30, 0x10, 0xf5, 0xd0, 0xcc, 0x52, 0xa5, 0x33, 0xe4,
    0x11, 0x47, 0x7d, 0x64, 0xec, 0x55, 0x5c, 0xb4, 0xae, 0xb7, 0x63, 0x72, 0x05, 0xce, 0xa2, 0xdc,
    0x5e, 0x69, 0x8c, 0x17, 0x00, 0x60, 0x8b, 0x62, 0x18, 0xc0, 0x36, 0xa1, 0x22, 0x7f, 0x70, 0xf0,
    0x3d, 0x8d, 0xcb, 0x6a, 0xed, 0xc2, 0x9f, 0x1d, 0x9b, 0xbe, 0xe1, 0x4f, 0x40, 0x59, 0xc0, 0x08,
    0x75, 0x3b, 0x29, 0xb7, 0x7b, 0xa0, 0x15, 0x7f, 0x2d, 0x35, 0xf2, 0xab, 0x77, 0x31, 0xc0, 0x9f,
    0xa6, 0x39, 0x6c, 0xee, 0x58, 0x3f, 0xde, 0xb7, 0xac, 0xc2, 0x66, 0x0b, 0x6b, 0x22, 0xbc, 0x90,
    0x60, 0x01, 0x1d, 0x92, 0x75, 0x04, 0x35, 0x16, 0xd0, 0xe7, 0xe4, 0x98, 0x03, 0x9e, 0x7b, 0x20,
    0x7d, 0xf5, 0x90, 0x22, 0x73, 0x35, 0xd1, 0x96, 0x99, 0x15, 0x78, 0x8f, 0x98, 0x58, 0xc4, 0xe6,
    0x8a, 0xa0, 0x73, 0x8e, 0xc8, 0x01, 0xef, 0x81, 0x72, 0xd3, 0x6b, 0x52, 0x0c, 0xf9, 0xf3, 0xc5,
    0x45, 0xe7, 0xf2, 0x72, 0xc9, 0xbc, 0x1b, 0x34, 0x9b, 0x7d, 0xbe, 0x6d, 0x84, 0xe1, 0xb5, 0xf6,
    0x76, 0xcb, 0x1a, 0x94, 0x92, 0x8e, 0x5b, 0x66, 0xd9, 0x1d, 0x67, 0x15, 0x7b, 0x3b, 0xe7, 0xc4,
    0x80, 0x3f, 0x39, 0x4c, 0x61, 0x2c, 0x1b, 0x30, 0xbe, 0x28, 0xe2, 0x72, 0x56, 0x9b, 0x21, 0x8b,
    0x86, 0xb7, 0xc4, 0x71, 0xf0, 0xfe, 0x79, 0xaa, 0xd1, 0x66, 0x1f, 0x90, 0xe3, 0xc0, 0x2f, 0xde,
    0x0e, 0x48, 0x8e, 0xf0, 0x79, 0x8c, 0x39, 0xb8, 0x5c, 0xbc, 0xa5, 0xd9, 0x1f, 0x93, 0xcb, 0x49,
    0x28, 0x82, 0x51, 0xb1, 0x32, 0xc5, 0xc2, 0x52, 0x54, 0x7b, 0x21, 0xd3, 0xf1, 0x0b, 0x54, 0x78,
    0x13, 0x32, 0xa8, 0x57, 0xd0, 0x3d, 0x86, 0xde, 0x1e, 0x0c, 0x43, 0xc8, 0x82, 0x11, 0x71, 0x89,
    0xe2, 0xc6, 0x16, 0x9f, 0xac, 0x6c, 0xb3, 0x39, 0x28, 0x38, 0x14, 0xd8, 0x3a, 0x9c, 0x67, 0x62,
    0x18, 0x94, 0xbe, 0xc6, 0x8d, 0xf8, 0x05, 0x08, 0x82, 0x66, 0x30, 0xba, 0xa1, 0x7c, 0x9b, 0x1e,
    0xd1, 0x0e, 0x87, 0x9a, 0x97, 0x18, 0x2a, 0xdd, 0xfb, 0x82, 0x10, 0x52, 0xa3, 0x14, 0x47, 0x9d,
    0xd0, 0x7c, 0x10, 0xa1, 0x95, 0x8c, 0xd8, 0x14, 0x4c, 0x4d, 0x18, 0xf2, 0xb3, 0xb2, 0x09, 0x93,
    0x28, 0x94, 0xd5, 0xfe, 0x26, 0xbe, 0x28, 0x2c, 0x5f, 0x3a, 0x6b, 0xd4, 0x85, 0x3a, 0xbe, 0x20,
    0x7b, 0xd7, 0xc8, 0x76, 0x74, 0xf3, 0xb9, 0x10, 0xee, 0x9c, 0x9b, 0xcb, 0x81, 0x57, 0x52, 0xd5,
    0x6c, 0xcd, 0x8b, 0x5a, 0xc5, 0x88, 0x91, 0xbc, 0x76, 0x9c, 0xee, 0xbd, 0xef, 0xa5, 0xb2, 0x7a,
    0x78, 0xba, 0x46, 0x76, 0x25, 0xda, 0x02, 0x56, 0x89, 0x0b, 0xac, 0xf5, 0x1d, 0x51, 0x16, 0xaf,
    0xe9, 0xb2, 0xa5, 0x4b, 0x1b, 0xc7, 0x52, 0x8e, 0x65, 0x2f, 0x83, 0x7a, 0xad, 0xa8, 0x39, 0x31,
    0x96, 0xa6, 0x71, 0xc3, 0xfb, 0xec, 0x1f, 0x14, 0xb7, 0x19, 0x85, 0xfe, 0x38, 0x47, 0x7b, 0x41,
    0xe9, 0x3e, 0xfb, 0xf2, 0xc8, 0xeb, 0x6e, 0xb5, 0x17, 0x26, 0x1c, 0x91, 0x2f, 0xbe, 0xa0, 0x15,
    0xc4, 0x34, 0x46, 0x03, 0xe9, 0x14, 0x25, 0x20, 0x97, 0x6e, 0x6c, 0xec, 0x93, 0xee, 0x11, 0x64,
    0xf4, 0xd7, 0x24, 0xb6, 0xa4, 0xbc, 0x1a, 0x2c, 0xa8, 0x51, 0x7a, 0xd3, 0xbf, 0xa3, 0x5f, 0x70,
    0xb9, 0x54, 0x55, 0x56, 0x28, 0x62, 0x19, 0x47, 0x2a, 0x3f, 0xee, 0x2f, 0xbd, 0x3a, 0xdf, 0x65,
    0x03, 0x7e, 0x82, 0xf7, 0x48, 0x47, 0xb4, 0xf5, 0x1f, 0xe6, 0x7c, 0x8f, 0x17, 0x96, 0x55, 0x93,
    0xe8, 0x87, 0x8b, 0x34, 0x05, 0xc8, 0x8d, 0x08, 0x9a, 0x46, 0x59, 0xaa, 0x7d, 0xc3, 0x55, 0xd6,
    0x2f, 0xad, 0x12, 0xfe, 0xed, 0xdf, 0xb8, 0xca, 0xba, 0xb9, 0x59, 0xbf, 0x39, 0x73, 0xe9, 0xd4,
    0x60, 0x75, 0x72, 0x83, 0x3b, 0xb7, 0xba, 0x1a, 0xe1, 0xf7, 0xc6, 0x97, 0xfe, 0xc6, 0x1b, 0x46,
    0xd8, 0x20, 0x48, 0x83, 0x93, 0xe5, 0xb9, 0xf2, 0x03, 0xeb, 0x9f, 0x91, 0xc2, 0xb1, 0x09, 0x43,
    0x23, 0x52, 0xc7, 0xc5, 0x5f, 0x37, 0x3b, 0x8b, 0x46, 0x4e, 0x85, 0x57, 0x49, 0x29, 0x1c, 0x5a,
    0x69, 0x24, 0x3c, 0x61, 0x63, 0x83, 0xb4, 0x3a, 0xc9, 0x86, 0x72, 0x14, 0xac, 0x44, 0x88, 0x14,
    0xda, 0x27, 0x80, 0xfd, 0xe1, 0x65, 0x3f, 0x21, 0x70, 0xb3, 0xb4, 0xcd, 0x9e, 0x40, 0x1b, 0x50,
    0xe5, 0x0e, 0x39, 0x3a, 0x95, 0x06, 0xce, 0x82, 0x19, 0x48, 0x5b, 0x01, 0x14, 0xc3, 0x24, 0x8f,
    0xee, 0x48, 0xba, 0xcc, 0x88, 0x4e, 0x84, 0x9e, 0x26, 0xb3, 0x1d, 0x72, 0x8a, 0x8c, 0xcd, 0xa0,
    0x40, 0xde, 0x42, 0xbd, 0x81, 0x4d, 0x03, 0x9e, 0xf6, 0x15, 0xb8, 0x5f, 0xc1, 0x10, 0xed, 0x12,
    0xff, 0xb4, 0x69, 0xa8, 0x20, 0xc2, 0x84, 0x20, 0xa1, 0xfd, 0x6b, 0xb7, 0x7d, 0x4f, 0xde, 0xc2,
    0xce, 0x5b, 0xe2, 0x8c, 0x3c, 0x4e, 0x33, 0x4c, 0xba, 0x8a, 0x7a, 0x0e, 0xe8, 0xa4, 0x02, 0x44,
    0x74, 0x21, 0x4d, 0x1a, 0x2f, 0x98, 0x49, 0x4e, 0x59, 0x2e, 0xe3, 0x26, 0x21, 0x10, 0x04, 0x04,
    0xcc, 0x58, 0x93, 0xb7, 0xc1, 0xcb, 0x5b, 0x30, 0x0c, 0x94, 0x1a, 0xa4, 0x9a, 0xc0, 0x23, 0xc7,
    0xc8, 0x96, 0x8e, 0x26, 0x93, 0xed, 0xde, 0x43, 0xae, 0x0b, 0xfb, 0x2e, 0xd4, 0x2c, 0xa6, 0x40,
    0xf3, 0x6e, 0x63, 0x43, 0x2f, 0xb8, 0x66, 0x63, 0xf3, 0xfd, 0x38, 0xc2, 0x5b, 0x72, 0xde, 0xbc,
    0x7e, 0x72, 0x80, 0xc3, 0xc5, 0xbe, 0x79, 0x12, 0x3b, 0x1e, 0xd7, 0x96, 0xca, 0x0c, 0x37, 0xd4,
    0xb5, 0x09, 0x7d, 0x87, 0xc2, 0x7a, 0x23, 0x24, 0x17, 0xe8, 0x27, 0x05, 0x56, 0xe6, 0xe1, 0xd5,
    0x3a, 0xa9, 0x48, 0x2c, 0x3e, 0x8a, 0x5d, 0x00, 0xfb, 0xc8, 0xe7, 0xea, 0xb3, 0xca, 0x7a, 0xa1,
    0x86, 0xd2, 0xe6, 0xd9, 0xc6, 0x61, 0x62, 0xef, 0xe4, 0x00, 0x70, 0xef, 0xa4, 0xd5, 0xc4, 0xe3,
    0x92, 0x88, 0xa8, 0x52, 0xea, 0xa6, 0x80, 0xe5, 0xba, 0x16, 0xdd, 0x8a, 0x2a, 0xb7, 0x60, 0xcd,
    0x77, 0xca, 0x03, 0xbc, 0xdc, 0x65, 0xfd, 0xbe, 0x5d, 0x35, 0xb6, 0x0a, 0x5e, 0x5d, 0xda, 0x5b,
    0xc8, 0x82, 0x4b, 0x42, 0x60, 0xe4, 0x2f, 0x94, 0x2d, 0x8f, 0x86, 0xbb, 0x14, 0xd5, 0xad, 0x05,
    0x2e, 0xd4, 0xc9, 0x2e, 0x98, 0x27, 0xb5, 0x45, 0xe6, 0x57, 0x4c, 0x6f, 0xa1, 0xa7, 0x72, 0xc1,
    0xe3, 0xb3, 0x43, 0xdd, 0x72, 0xbf, 0xba, 0x9d, 0x4c, 0x7a, 0x3d, 0x0f, 0x8c, 0xee, 0xb6, 0xf4,
    0x43, 0x59, 0x5d, 0xdc, 0x2f, 0x8a, 0xf7, 0x3a, 0x4b, 0xc5, 0x97, 0xc3, 0x2b, 0x7e, 0xc8, 0x3c,
    0x7e, 0x85, 0xee, 0x8a, 0x50, 0x0a, 0x75, 0xe5, 0xc6, 0x40, 0xcb, 0x74, 0x7f, 0xc5, 0xac, 0x8b,
    0xee, 0xb7, 0x7a, 0xd7, 0x0d, 0xb5, 0x57, 0x14, 0xbe, 0x6e, 0x5a, 0x91, 0x06, 0x05, 0xe3, 0x3a,
    0xc0, 0xfb, 0x5e, 0x0b, 0x97, 0x0a, 0xaa, 0xac, 0x4c, 0x7f, 0x82, 0x68, 0x71, 0x38, 0x02, 0x4c,
    0x7f, 0x06, 0x6b, 0x64, 0x5a, 0xdf, 0xd0, 0xe2, 0x28, 0x8d, 0xc3, 0xf0, 0x05, 0x6c, 0x07, 0x34,
    0x10, 0x99, 0xe7, 0x43, 0x7f, 0xea, 0x9e, 0x06, 0x40, 0xd9, 0x8d, 0x6c, 0x86, 0x97, 0x01, 0x1b,
    0x36, 0x75, 0x22, 0xae, 0x66, 0x32, 0x14, 0x31, 0x7d, 0x13, 0xf9, 0xad, 0xdc, 0x4d, 0xc4, 0x41,
    0xb1, 0xb0, 0x5c, 0xa8, 0xc3, 0x9b, 0x4c, 0xe4, 0xe0, 0xf5, 0x44, 0x92, 0x48, 0xdc, 0xa7, 0x3f,
    0xff, 0xfb, 0x7f, 0x6f, 0xfe, 0xfc, 0x5f, 0xff, 0x8b, 0x09, 0x7e, 0x10, 0x44, 0xd8, 0x0c, 0x11,
    0x89, 0x78, 0x01, 0x2c, 0x97, 0x1c, 0x0b, 0x85, 0x64, 0x8d, 0x69, 0x6c, 0x39, 0x71, 0x4e, 0xdc,
    0x33, 0xce, 0xb5, 0xdd, 0x53, 0x34, 0x44, 0xb3, 0x05, 0x32, 0x74, 0x32, 0x4d, 0xa0, 0x29, 0x8b,
    0x76, 0x7b, 0x18, 0x08, 0x81, 0xfc, 0x5f, 0x44, 0x9f, 0xff, 0x82, 0x5a, 0x28, 0xdf, 0xff, 0x7e,
    0x4b, 0x65, 0xbc, 0xf2, 0xbf, 0xe0, 0x79, 0x3f, 0x3a, 0x0e, 0x91, 0xde, 0xc1, 0xb5, 0x5a, 0xb6,
    0x49, 0x34, 0x19, 0x09, 0x94, 0x74, 0x0f, 0xc0, 0x88, 0x5a, 0x7e, 0x7d, 0x47, 0x64, 0xe4, 0x6c,
    0x4a, 0xee, 0xcc, 0x31, 0xbf, 0x9e, 0x8b, 0x9a, 0xc1, 0x63, 0x73, 0x4a, 0x3e, 0xad, 0xdd, 0x17,
    0x52, 0x3e, 0x37, 0x40, 0xb3, 0x55, 0xe1, 0x20, 0xac, 0x1f, 0xa0, 0xb7, 0x41, 0xb9, 0xf2, 0xea,
    0xe5, 0x61, 0x6e, 0x33, 0x20, 0xbf, 0x1f, 0xe5, 0xaf, 0x59, 0x5c, 0x59, 0x22, 0x39, 0x17, 0x5a,
    0xea, 0xc6, 0x78, 0xf4, 0xb5, 0x32, 0x71, 0x15, 0x6c, 0xf2, 0x03, 0xfd, 0x60, 0x0f, 0x84, 0x71,
    0x95, 0xc7, 0x34, 0x02, 0x4a, 0x3f, 0x90, 0x27, 0xf7, 0x07, 0xf8, 0x64, 0x92, 0x8e, 0x2b, 0xb5,
    0x5b, 0xae, 0xd8, 0x72, 0xf5, 0xd5, 0xa6, 0x86, 0x6c, 0xae, 0xd9, 0x66, 0x74, 0xba, 0x09, 0xaa,
    0xaa, 0x2d, 0xcf, 0x36, 0xe1, 0x07, 0xf7, 0xb4, 0xba, 0xb8, 0x28, 0x22, 0x50, 0x80, 0x75, 0x0c,
    0x07, 0x54, 0x6f, 0xcf, 0x48, 0xe9, 0x4c, 0x0f, 0xe3, 0x09, 0x45, 0xbe, 0xf9, 0x22, 0x51, 0x96,
    0x28, 0x41, 0xa7, 0x7e, 0x22, 0xd5, 0x93, 0x43, 0x27, 0x83, 0xe2, 0xe1, 0xdb, 0xb3, 0x64, 0x17,
    0xd6, 0x9f, 0xeb, 0xd3, 0xce, 0x9e, 0x2b, 0x01, 0xd0, 0x39, 0x26, 0x88, 0x7c, 0xba, 0xbc, 0x2e,
    0x11, 0xed, 0x8d, 0xb5, 0x99, 0xb4, 0x10, 0xc7, 0x40, 0x22, 0x4f, 0xcb, 0xf9, 0xb6, 0xd2, 0xab,
    0xf2, 0x6d, 0x55, 0x17, 0x1e, 0xdd, 0xe9, 0x02, 0x8f, 0xdc, 0xf7, 0x10, 0xca, 0x15, 0x7f, 0x7c,
    0xae, 0x7c, 0x2b, 0x9f, 0x16, 0x87, 0x36, 0x85, 0xe6, 0xa9, 0xc2, 0x77, 0x61, 0x53, 0x7a, 0xb4,
    0x44, 0xf1, 0xa2, 0xaf, 0x71, 0xd8, 0x6c, 0x0a, 0x73, 0x0e, 0xcf, 0x0a, 0x57, 0xab, 0x1b, 0x21,
    0x2d, 0x3a, 0xf3, 0x65, 0xd6, 0x48, 0x61, 0x1e, 0x47, 0x84, 0x7e, 0xad, 0xfc, 0xaa, 0x37, 0x2f,
    0x26, 0x50, 0xc3, 0x51, 0xd7, 0xce, 0xdf, 0x55, 0x96, 0x39, 0xb5, 0x24, 0x5e, 0x25, 0xf6, 0x57,
    0x3a, 0x58, 0xfb, 0xcd, 0xf6, 0xa8, 0xc6, 0x73, 0x85, 0x3f, 0xe4, 0x0d, 0x59, 0xee, 0x01, 0x12,
    0xa2, 0x0a, 0x7e, 0xac, 0xcb, 0x79, 0x6b, 0xdc, 0x25, 0xd6, 0xe5, 0xc2, 0xf5, 0x2e, 0x15, 0xb7,
    0xc2, 0x90, 0xa5, 0xa9, 0x6e, 0x29, 0xce, 0x91, 0x82, 0xb4, 0xd7, 0xe7, 0xd4, 0x44, 0xb3, 0x2e,
    0x2e, 0xb6, 0x7a, 0x6b, 0xb3, 0xeb, 0x2b, 0xfd, 0x39, 0x28, 0xe7, 0x10, 0xf9, 0x1b, 0xd4, 0x7a,
    0x76, 0x38, 0x9d, 0x75, 0x39, 0xbd, 0xe6, 0x07, 0xd1, 0x05, 0x8a, 0xd7, 0xf9, 0xe3, 0xf1, 0xfd,
    0x4a, 0xb0, 0x17, 0xa2, 0x20, 0x97, 0x24, 0x6f, 0x34, 0x0b, 0x1e, 0x5d, 0x50, 0x27, 0x87, 0xae,
    0x38, 0x1e, 0x56, 0x07, 0x65, 0x0b, 0x92, 0x0d, 0xb8, 0x6e, 0x24, 0x73, 0xbb, 0xd3, 0xd1, 0x56,
    0xc5, 0x51, 0x8a, 0x0c, 0xcd, 0xd3, 0xc0, 0xf3, 0xa5, 0xa8, 0xf1, 0x16, 0xfd, 0xa5, 0x36, 0x0f,
    0xc8, 0x59, 0xaa, 0x45, 0x6c, 0x9f, 0xb4, 0x1b, 0xa9, 0xc9, 0x1d, 0x08, 0xa1, 0x25, 0x13, 0x08,
    0x8c, 0xfa, 0x8f, 0x64, 0xfa, 0x31, 0xdd, 0x39, 0x81, 0x09, 0xe6, 0xb5, 0xf8, 0xa0, 0x32, 0xf4,
    0xcf, 0xaf, 0x72, 0xc3, 0xb3, 0xd1, 0x84, 0x72, 0x15, 0xf6, 0xda, 0xd9, 0x15, 0x77, 0xd6, 0x21,
    0x1a, 0x49, 0xdf, 0x3b, 0xb2, 0xbf, 0x00, 0xa6, 0xc2, 0xce, 0x09, 0xf1, 0xd8, 0x09, 0x88, 0x4f,
    0x1b, 0x23, 0xec, 0xd1, 0x4a, 0x53, 0x7d, 0x55, 0x81, 0xf9, 0xd7, 0x3d, 0x0e, 0x75, 0xc7, 0x30,
    0x0a, 0x47, 0xbd, 0x4b, 0xad, 0xdd, 0x08, 0xda, 0x8d, 0xf0, 0x6e, 0x3f, 0xe8, 0xf9, 0x35, 0x5e,
    0x9c, 0x50, 0x7a, 0x5a, 0xaf, 0x35, 0x7e, 0x0b, 0x54, 0x1c, 0x9d, 0x62, 0x2a, 0x71, 0x75, 0xe8,
    0x20, 0x6f, 0x24, 0x41, 0xd9, 0xac, 0x33, 0x78, 0x15, 0x47, 0xed, 0x36, 0xfe, 0xdc, 0xc1, 0x83,
    0x07, 0x0b, 0x45, 0x2c, 0x78, 0x6a, 0xa9, 0xc3, 0xcc, 0x63, 0x28, 0x60, 0x1f, 0xcd, 0x7d, 0xfb,
    0x83, 0xef, 0xd9, 0x47, 0xd3, 0xb9, 0xfd, 0x0c, 0x20, 0x78, 0xe8, 0xe6, 0x36, 0x94, 0xfe, 0xc4,
    0x53, 0xfc, 0x93, 0x76, 0xfe, 0xee, 0x60, 0xff, 0xa9, 0xd2, 0x75, 0x49, 0xa2, 0xc3, 0xc4, 0xa4,
    0x9a, 0x97, 0xa8, 0x7e, 0x61, 0x08, 0x1d, 0xb4, 0x2d, 0xdc, 0xd4, 0xcb, 0xe8, 0x0a, 0x20, 0x68,
    0x8d, 0x24, 0x49, 0x12, 0x39, 0x09, 0xa3, 0x3e, 0xbc, 0x7b, 0x71, 0x74, 0x20, 0x8f, 0x4c, 0xc9,
    0xbd, 0x53, 0x38, 0xa2, 0xda, 0x2c, 0x1e, 0x8a, 0x6b, 0xc1, 0xd1, 0x65, 0x80, 0x42, 0xc9, 0x82,
    0x53, 0xfd, 0x48, 0x32, 0x03, 0x69, 0x03, 0x73, 0x0e, 0xe3, 0x21, 0xac, 0x86, 0x21, 0x38, 0xa4,
    0xa3, 0x58, 0x18, 0xd2, 0x78, 0x0e, 0x0a, 0x17, 0x43, 0x5f, 0xe4, 0x61, 0x45, 0x30, 0xe8, 0xf4,
    0x83, 0x47, 0xf7, 0xfb, 0x41, 0xb3, 0x69, 0xb9, 0xfc, 0xf4, 0xc1, 0xf4, 0x76, 0x77, 0x03, 0x6b,
    0xa3, 0x2b, 0xb9, 0x06, 0x73, 0xf5, 0xab, 0xe9, 0x40, 0x26, 0x39, 0x8a, 0x29, 0x60, 0x4c, 0x31,
    0x26, 0x45, 0x2f, 0x45, 0x7c, 0x56, 0x66, 0xa9, 0x0b, 0x92, 0x61, 0x69, 0x6c, 0x03, 0x50, 0xab,
    0xdb, 0xc1, 0x18, 0x53, 0x5a, 0x18, 0x1e, 0xc0, 0x43, 0xce, 0x12, 0x92, 0x79, 0x90, 0x18, 0x24,
    0x71, 0xfd, 0xe0, 0x9f, 0xf6, 0x9f, 0x1c, 0x89, 0xc3, 0x64, 0x0e, 0x15, 0x79, 0xb7, 0x8c, 0xe9,
    0xf9, 0x28, 0x5c, 0x71, 0x1d, 0x1b, 0x5d, 0x61, 0xe3, 0xf1, 0x38, 0x18, 0x05, 0x6e, 0xd8, 0xc2,
    0x6b, 0x8e, 0xd1, 0xf6, 0x30, 0x72, 0x93, 0x1c, 0x2f, 0x8d, 0x77, 0xf0, 0x64, 0x75, 0x13, 0xa8,
    0xf0, 0xa6, 0x54, 0x03, 0xd0, 0x88, 0x22, 0x56, 0x22, 0xb3, 0xe9, 0xb4, 0xba, 0xf0, 0xdd, 0x7d,
    0xf1, 0xfa, 0xe8, 0xe0, 0x4f, 0x07, 0xef, 0x0e, 0x99, 0x89, 0x19, 0x6f, 0x85, 0x27, 0xaf, 0xb0,
    0x79, 0xb8, 0x39, 0xd9, 0xf6, 0x69, 0x89, 0xe8, 0x2e, 0x8c, 0x16, 0xba, 0x8f, 0x92, 0xcd, 0x01,
    0x33, 0xd4, 0xd2, 0x59, 0x80, 0x65, 0xf3, 0x95, 0x7f, 0xfc, 0xe2, 0xa8, 0xb5, 0xff, 0xee, 0xdd,
    0xfe, 0x5f, 0xc8, 0x83, 0x15, 0x23, 0xc9, 0x37, 0xe7, 0x30, 0x0c, 0xee, 0xd3, 0xe9, 0x9d, 0xb8,
    0xfa, 0xce, 0xad, 0x91, 0x82, 0xd5, 0x09, 0x0f, 0x3f, 0x69, 0x97, 0x97, 0xe1, 0xa0, 0xfc, 0x8b,
    0xbc, 0x40, 0x9c, 0xe5, 0xd8, 0x5c, 0xec, 0xa5, 0xbd, 0x2e, 0xe0, 0xcf, 0x8f, 0x8b, 0x02, 0x0f,
    0xc5, 0x63, 0x3a, 0x2e, 0xd2, 0x16, 0x89, 0xbb, 0x22, 0xd2, 0xb9, 0x91, 0xfe, 0x16, 0xd8, 0xa6,
    0x4a, 0xe0, 0x4f, 0x97, 0x6a, 0x9f, 0x65, 0x4e, 0xc5, 0xea, 0x8a, 0xc7, 0x6c, 0x7b, 0x2a, 0x48,
    0x5f, 0xe1, 0x10, 0x9e, 0x06, 0x76, 0x4a, 0x95, 0xf1, 0x00, 0x0a, 0x19, 0x5e, 0x87, 0x86, 0xe9,
    0x90, 0xa4, 0xde, 0xb1, 0x8b, 0x34, 0xdf, 0xfc, 0xb2, 0xb1, 0x8e, 0x5e, 0x45, 0x1c, 0x4b, 0xf1,
    0x3f, 0x17, 0x17, 0xfc, 0x78, 0x4a, 0x1e, 0x4b, 0x75, 0x2e, 0xc5, 0x1c, 0xd1, 0x7d, 0x14, 0xff,
    0x82, 0xcc, 0xa3, 0x0e, 0x86, 0xf6, 0xba, 0x8e, 0x90, 0xfb, 0x3b, 0xf2, 0xbe, 0x37, 0xa2, 0xd3,
    0x15, 0x1a, 0x5d, 0xe0, 0x56, 0x61, 0xc0, 0x12, 0x44, 0x9b, 0xce, 0x66, 0x00, 0x67, 0xe9, 0xae,
    0x3f, 0xbe, 0xd8, 0x64, 0x56, 0x7b, 0x04, 0x10, 0xdc, 0x7d, 0x44, 0x00, 0x43, 0x7f, 0x07, 0xfc,
    0x19, 0x27, 0xfc, 0x17, 0x4e, 0x7a, 0x6b, 0xb7, 0xe1, 0x50, 0x48, 0x27, 0xa9, 0x6f, 0x36, 0x34,
    0x51, 0x3a, 0xc3, 0xdc, 0xe2, 0x21, 0x85, 0x08, 0xc9, 0x92, 0x8b, 0xb8, 0xf4, 0x91, 0xdd, 0x14,
    0x0e, 0xb2, 0xfc, 0xba, 0x98, 0x36, 0x1a, 0x9a, 0x80, 0x3a, 0x6d, 0x92, 0x36, 0x27, 0x8f, 0x93,
    0x48, 0xed, 0x44, 0x73, 0x5f, 0x9f, 0x3f, 0x86, 0x94, 0x02, 0x59, 0xb2, 0x0e, 0x18, 0x5e, 0x9b,
    0x99, 0x4f, 0xa5, 0xfd, 0xab, 0xd0, 0x53, 0xc9, 0xe5, 0x28, 0x0c, 0x5b, 0x5f, 0xfd, 0x34, 0xc6,
    0xcb, 0x93, 0x30, 0xf7, 0xaa, 0x17, 0x3f, 0x2d, 0xf9, 0x4e, 0x71, 0x16, 0xd0, 0xb6, 0xca, 0x01,
    0xf2, 0x87, 0x92, 0x37, 0x14, 0xac, 0x23, 0xcb, 0x07, 0x14, 0xcf, 0x78, 0x14, 0xbf, 0xcf, 0x47,
    0xe6, 0x1a, 0xb2, 0x9c, 0xc5, 0xdd, 0xbb, 0xb9, 0x8f, 0x08, 0x02, 0x48, 0x36, 0x94, 0xac, 0xd7,
    0xd0, 0xf2, 0x9d, 0x46, 0x1e, 0x32, 0x33, 0x8c, 0x8a, 0x5a, 0x43, 0xa6, 0xbb, 0x2e, 0x6f, 0x05,
    0x36, 0xb5, 0x32, 0x71, 0x05, 0x9d, 0xa3, 0x63, 0x89, 0x42, 0x86, 0xa6, 0x4e, 0xd0, 0x81, 0x2b,
    0xf4, 0xd1, 0x84, 0x88, 0x54, 0x0a, 0x56, 0xb4, 0x56, 0x90, 0x46, 0x22, 0x84, 0xf7, 0xf6, 0x78,
    0x68, 0xc0, 0x27, 0x1b, 0x68, 0xea, 0x97, 0x4e, 0x9e, 0xfb, 0xc5, 0xcd, 0x1a, 0x95, 0x03, 0xef,
    0xd6, 0x2e, 0x3e, 0x63, 0xad, 0x81, 0x39, 0xc4, 0x88, 0xb7, 0xfb, 0x72, 0xea, 0x7f, 0x5d, 0x7d,
    0x8e, 0x4c, 0x23, 0x55, 0xde, 0xc8, 0x7f, 0x2d, 0x8e, 0x91, 0xbb, 0xea, 0x18, 0x99, 0xe0, 0xce,
    0xa5, 0x70, 0xbc, 0xa6, 0x55, 0x49, 0x35, 0x77, 0xe5, 0x59, 0x09, 0x2a, 0x10, 0xc5, 0x6b, 0x3a,
    0xf8, 0x27, 0xf7, 0x26, 0x4a, 0x7f, 0x89, 0x37, 0xed, 0x9d, 0x5f, 0xf6, 0xcb, 0xba, 0x48, 0x8d,
    0xf7, 0x34, 0x16, 0x3c, 0xa6, 0xd3, 0xe9, 0x4f, 0x83, 0x2e, 0x40, 0x12, 0x1b, 0xed, 0xf4, 0x79,
    0x7c, 0x1f, 0xfc, 0x7e, 0xb4, 0xbd, 0xb1, 0xc1, 0x8b, 0x40, 0x01, 0x0b, 0x95, 0xc6, 0x26, 0xea,
    0x66, 0xb8, 0xbb, 0x06, 0xdb, 0x0a, 0xd2, 0x18, 0xcd, 0xb1, 0x5d, 0x75, 0x61, 0xe2, 0x37, 0x87,
    0xd1, 0x7e, 0xc0, 0x0d, 0x4b, 0x9b, 0x23, 0x4e, 0xa5, 0xcd, 0x17, 0x17, 0x83, 0xe0, 0xb7, 0xbc,
    0x1c, 0x97, 0xea, 0xbe, 0x40, 0xd0, 0xc1, 0xb9, 0xa6, 0x9a, 0xe5, 0xcd, 0x2c, 0x69, 0x9a, 0x46,
    0xa7, 0x63, 0x34, 0xbd, 0xbf, 0x5a, 0x22, 0xba, 0xb9, 0xb5, 0x25, 0xf0, 0x15, 0x8a, 0x98, 0x5d,
    0xab, 0x99, 0xf1, 0x68, 0x69, 0xfc, 0x11, 0x27, 0xf8, 0x17, 0xb7, 0xba, 0xb9, 0x65, 0xe9, 0x06,
    0x85, 0x1a, 0x40, 0xee, 0x19, 0x73, 0xca, 0x7b, 0x8e, 0xe6, 0x05, 0xd7, 0xf3, 0x4a, 0xd6, 0x05,
    0x91, 0x86, 0xfb, 0x26, 0x86, 0x84, 0xc5, 0xd5, 0x86, 0x84, 0x04, 0x2f, 0x28, 0xfa, 0x0d, 0x0c,
    0x05, 0xfa, 0x8d, 0xb5, 0xcc, 0xa4, 0x24, 0xd8, 0x18, 0xcb, 0xc0, 0x0b, 0xa9, 0xd2, 0x6d, 0xfc,
    0x70, 0x57, 0x27, 0xd5, 0xfa, 0x07, 0x87, 0x67, 0x28, 0xb5, 0x8c, 0xef, 0x36, 0x37, 0xe8, 0xa2,
    0x7f, 0x5f, 0xb3, 0x51, 0x97, 0x0c, 0xd0, 0x36, 0xfa, 0xd9, 0xdc, 0xb6, 0x02, 0x2f, 0x48, 0xa6,
    0x32, 0xb5, 0x2f, 0x89, 0xd8, 0xb0, 0xc1, 0xca, 0x54, 0x55, 0xf7, 0xb0, 0xb9, 0x21, 0x75, 0xfd,
    0x7e, 0x72, 0x7a, 0x4b, 0xa4, 0xf4, 0x6a, 0x32, 0x7a, 0x23, 0x12, 0x4a, 0x17, 0x4e, 0x8c, 0xd2,
    0x35, 0xae, 0x8e, 0x28, 0xb4, 0xeb, 0xe2, 0xe6, 0xa9, 0xcf, 0x8b, 0xe9, 0x3a, 0x35, 0x0b, 0x35,
    0x5b, 0xa6, 0x39, 0xa1, 0xe0, 0x80, 0x49, 0x3e, 0xc0, 0x16, 0x76, 0x3b, 0x7b, 0x5c, 0xfa, 0xe8,
    0x0a, 0xe9, 0x03, 0x5f, 0xfe, 0x84, 0x8a, 0xf5, 0xa5, 0x53, 0x15, 0x4b, 0xfa, 0xdf, 0x72, 0xd7,
    0x5f, 0x56, 0xbe, 0xe8, 0x0f, 0x49, 0x0e, 0x77, 0x04, 0x76, 0xbd, 0x53, 0x97, 0x0e, 0x91, 0xca,
    0x22, 0x8a, 0xc5, 0x84, 0xcc, 0x5c, 0xb1, 0x16, 0xcb, 0x52, 0xc2, 0x9f, 0x8f, 0x6b, 0x0b, 0x13,
    0x90, 0xfd, 0x23, 0xf2, 0x1e, 0x7c, 0xf3, 0x0e, 0xe3, 0xc3, 0x40, 0x94, 0xc0, 0x9b, 0xe9, 0x16,
    0x6d, 0xf6, 0xfa, 0x8d, 0x3a, 0x19, 0x2b, 0xe2, 0xbf, 0xe8, 0xd2, 0x3a, 0xdf, 0xe3, 0x4d, 0x54,
    0x6f, 0x2e, 0x1b, 0x2f, 0xd8, 0x14, 0x88, 0x11, 0x1e, 0x48, 0x0f, 0xf1, 0xd6, 0x35, 0xde, 0x1c,
    0x6b, 0x32, 0x4e, 0xe2, 0x94, 0xbe, 0x81, 0xc2, 0x06, 0x6f, 0x81, 0x7b, 0x6d, 0xda, 0xe8, 0xa5,
    0x8c, 0x43, 0x9c, 0xf3, 0x4b, 0x17, 0x86, 0x67, 0xe8, 0xbe, 0x42, 0x2e, 0x2f, 0x38, 0x30, 0x71,
    0x39, 0x03, 0x9f, 0x48, 0xd6, 0x5e, 0x87, 0x3b, 0x71, 0x3b, 0x5c, 0x99, 0x45, 0xe1, 0x0e, 0xe6,
    0x7e, 0x01, 0x45, 0xd4, 0xce, 0xcc, 0xfd, 0x82, 0xaa, 0x7a, 0x89, 0x51, 0xf1, 0xf8, 0x2d, 0x6e,
    0x2b, 0x81, 0xef, 0x6d, 0x4a, 0xb2, 0x62, 0xd2, 0xe1, 0x63, 0xa9, 0x5c, 0x29, 0xf8, 0xb5, 0x50,
    0x61, 0x32, 0x1e, 0xf1, 0x6a, 0x39, 0xad, 0x6e, 0x5f, 0x0d, 0x83, 0xf7, 0xd3, 0xec, 0xca, 0x6b,
    0xc2, 0xaf, 0xb4, 0x61, 0x83, 0xe8, 0x0e, 0x82, 0x3b, 0x88, 0xbd, 0x24, 0xb0, 0x83, 0x2c, 0x3c,
    0xc9, 0xb5, 0xdc, 0x48, 0xcb, 0x77, 0x9c, 0xd4, 0x58, 0x81, 0xfb, 0xbf, 0x0d, 0xd7, 0xb9, 0xc6,
    0x7c, 0x9d, 0xfc, 0xf1, 0x8d, 0xd3, 0x25, 0x96, 0x21, 0xcd, 0xd5, 0xfb, 0x78, 0xce, 0xae, 0xa9,
    0x07, 0x85, 0x3d, 0xfa, 0xaa, 0xc3, 0x5e, 0x75, 0x52, 0x2b, 0x9b, 0x91, 0x07, 0x35, 0x78, 0x86,
    0xcc, 0xf7, 0x09, 0xde, 0x56, 0xd6, 0x92, 0xe7, 0xe7, 0x62, 0xd3, 0xf3, 0x0b, 0x15, 0xc5, 0x09,
    0x38, 0xa9, 0x7f, 0xfc, 0xb4, 0xdc, 0x6a, 0xff, 0x4a, 0xc6, 0xe7, 0x4a, 0x28, 0x85, 0x34, 0x3f,
    0x0b, 0x7f, 0xcb, 0x9e, 0x69, 0x08, 0xc5, 0x22, 0xab, 0xc2, 0x74, 0xcf, 0xb0, 0xb5, 0xd3, 0xdf,
    0xaa, 0x5e, 0x41, 0x0d, 0xa9, 0x33, 0xb9, 0xa7, 0x85, 0xa0, 0x56, 0x10, 0x37, 0x79, 0x95, 0x5b,
    0x91, 0x20, 0x36, 0x72, 0x31, 0xdf, 0x92, 0x18, 0x92, 0xa3, 0xe8, 0x55, 0xee, 0x7e, 0xe6, 0x81,
    0x14, 0x80, 0x8a, 0xec, 0xbc, 0x01, 0x2d, 0x37, 0x9c, 0xe3, 0x47, 0x81, 0x97, 0xed, 0x7e, 0xba,
    0xe4, 0x27, 0x78, 0xff, 0x02, 0xef, 0xfe, 0x85, 0x7d, 0xf6, 0xcf, 0x18, 0x66, 0x0f, 0xa5, 0x9b,
    0xea, 0x48, 0xdf, 0xb6, 0xf0, 0xc6, 0x18, 0x6e, 0x82, 0x39, 0x6f, 0xa4, 0x0d, 0x87, 0x1b, 0x1a,
    0x70, 0x7d, 0xa7, 0x69, 0x1c, 0xd1, 0x5d, 0x13, 0x6d, 0x76, 0xe0, 0xa6, 0x21, 0xa6, 0xa2, 0x93,
    0xdd, 0x09, 0xcf, 0xc2, 0x4c, 0x0a, 0x36, 0x64, 0xbf, 0xd3, 0xbd, 0xfb, 0x60, 0x18, 0xee, 0x0c,
    0x1b, 0x92, 0x06, 0x00, 0x7e, 0xa9, 0x25, 0xb7, 0x4c, 0x98, 0x19, 0x30, 0x63, 0x4e, 0xd0, 0x18,
    0x68, 0x3f, 0xf0, 0x27, 0x6b, 0xb0, 0x24, 0x9c, 0xa3, 0xef, 0xc2, 0x26, 0x39, 0x3d, 0x58, 0x05,
    0xa5, 0x8d, 0x53, 0x40, 0xae, 0xfc, 0x8e, 0xd2, 0x18, 0x68, 0xe2, 0x19, 0xc3, 0x73, 0x79, 0xec,
    0x54, 0x85, 0xed, 0x46, 0x67, 0xf4, 0x2e, 0x6d, 0xb9, 0x94, 0xd1, 0x42, 0x78, 0x35, 0x00, 0xfb,
    0x04, 0x3c, 0x6c, 0xaf, 0x54, 0x75, 0x95, 0x4b, 0x84, 0xa6, 0xe0, 0x4a, 0xfd, 0x11, 0xa0, 0x5d,
    0x8d, 0xdd, 0xe4, 0x6a, 0x22, 0xb6, 0x66, 0x72, 0x9d, 0xb7, 0x53, 0xfc, 0xaf, 0x61, 0xd9, 0xe2,
    0xee, 0xcf, 0x1a, 0x7f, 0x77, 0xb2, 0x5e, 0x91, 0x79, 0x2b, 0x12, 0x8e, 0xe0, 0xe4, 0xe4, 0xad,
    0xe1, 0x58, 0xad, 0xd2, 0xa9, 0x70, 0x4d, 0x20, 0x2e, 0x95, 0xd1, 0x39, 0x9b, 0x42, 0xb5, 0x5f,
    0x40, 0x64, 0x16, 0xca, 0x80, 0xa1, 0xcd, 0xd1, 0xf8, 0x6d, 0x64, 0x68, 0xb1, 0x37, 0x6e, 0x5d,
    0x8a, 0xae, 0xf8, 0x5d, 0x94, 0x7d, 0xba, 0x57, 0x12, 0x4a, 0x8e, 0x33, 0xa5, 0x0c, 0x6c, 0xdf,
    0x29, 0x4b, 0x8b, 0xf9, 0xf9, 0xd7, 0x90, 0xa5, 0xa5, 0xf1, 0x56, 0xe9, 0x54, 0x1d, 0x81, 0x59,
    0x2d, 0x6f, 0x5f, 0x81, 0x72, 0x3a, 0x24, 0x00, 0xd9, 0x5f, 0xc7, 0x79, 0xe9, 0x84, 0x92, 0xc2,
    0x0a, 0xc4, 0xe9, 0x7f, 0x4d, 0x8c, 0x87, 0x20, 0x8c, 0xdc, 0x82, 0xef, 0x2a, 0x1a, 0x91, 0xf2,
    0xc6, 0x10, 0x59, 0x3c, 0xf4, 0x20, 0x93, 0x9b, 0x0f, 0x05, 0xb2, 0x0c, 0xa8, 0x52, 0xe4, 0x83,
    0xc8, 0x3b, 0x06, 0x69, 0x8b, 0xf6, 0x8a, 0x16, 0x27, 0x21, 0x7b, 0x02, 0xd9, 0x0f, 0xc4, 0x25,
    0x72, 0x03, 0x00, 0xe4, 0xe1, 0xad, 0x01, 0x4f, 0x49, 0x12, 0xd8, 0xf6, 0xc8, 0xbf, 0xd9, 0x3e,
    0xbf, 0x6f, 0x3a, 0xf5, 0xc9, 0xed, 0x80, 0x3b, 0x08, 0x9b, 0x62, 0x91, 0x50, 0x19, 0xc6, 0x91,
    0x90, 0xb9, 0x1a, 0x2f, 0x05, 0xe2, 0x97, 0xf1, 0xa0, 0x67, 0x34, 0xc6, 0x52, 0xf9, 0xed, 0x5f,
    0x6a, 0x97, 0x09, 0x9a, 0xf9, 0x0d, 0x67, 0xdc, 0x81, 0xe7, 0x90, 0x01, 0xe0, 0x57, 0x3f, 0xdb,
    0xd6, 0x62, 0x19, 0x66, 0x83, 0xe5, 0xed, 0x25, 0x70, 0xd2, 0xda, 0xab, 0xbc, 0x70, 0x0c, 0x75,
    0xc3, 0x31, 0x08, 0xb2, 0x92, 0x57, 0x49, 0xb7, 0xf8, 0xba, 0x3d, 0x8c, 0x48, 0x3e, 0xbb, 0x76,
    0x1f, 0x6a, 0x4e, 0x94, 0xdf, 0xb4, 0x19, 0xb9, 0xf3, 0x63, 0xa5, 0xcd, 0x2b, 0x5d, 0x2e, 0x69,
    0xc6, 0xd9, 0x44, 0x26, 0x84, 0x33, 0xfd, 0x8d, 0x0d, 0xb5, 0x05, 0x41, 0xf3, 0xf1, 0xe9, 0x36,
    0x10, 0x3d, 0x3a, 0x7a, 0xc0, 0x8b, 0x50, 0xc2, 0xf0, 0xc1, 0xc0, 0x10, 0x7b, 0xff, 0x80, 0xcf,
    0xe7, 0xe2, 0x62, 0xd3, 0xc5, 0xe5, 0xba, 0x20, 0x54, 0xdf, 0xfb, 0x98, 0xfd, 0x04, 0xdf, 0x36,
    0x03, 0x7e, 0xb9, 0x19, 0x74, 0x23, 0x33, 0xbf, 0xd2, 0x9c, 0xf2, 0x78, 0x4f, 0xc2, 0x86, 0x8a,
    0xab, 0x40, 0x49, 0xb9, 0x9b, 0x50, 0xdc, 0x41, 0x17, 0xfe, 0x33, 0xe6, 0x4e, 0xdc, 0x20, 0x02,
    0xf9, 0xb5, 0x4a, 0x2e, 0xa0, 0xc9, 0x02, 0x96, 0xab, 0x27, 0x5f, 0x16, 0x34, 0xf6, 0x5f, 0xbe,
    0xd4, 0x3c, 0x01, 0xf9, 0xdd, 0xb4, 0x18, 0x09, 0xa9, 0x2e, 0x73, 0x47, 0xee, 0x2c, 0x8e, 0x15,
    0xaa, 0xa1, 0x90, 0x00, 0x74, 0xae, 0xcb, 0x2f, 0x89, 0x40, 0xd8, 0xaa, 0x92, 0xce, 0xcb, 0xe2,
    0x4f, 0xa1, 0xc5, 0x54, 0xce, 0xec, 0xaf, 0x56, 0x2b, 0xd4, 0x61, 0x3d, 0xd4, 0x53, 0x99, 0x26,
    0x04, 0x3a, 0x94, 0xb2, 0x44, 0xc0, 0xb6, 0xe6, 0xc8, 0x50, 0xec, 0xd0, 0x42, 0xee, 0xad, 0xee,
    0x6c, 0x57, 0x4f, 0x88, 0xf2, 0xab, 0xed, 0x6a, 0x9c, 0xc3, 0xef, 0xc5, 0x61, 0xa5, 0x7e, 0xcf,
    0x95, 0x76, 0x5b, 0x25, 0x6b, 0x4c, 0x1d, 0xdb, 0xbb, 0x7d, 0xd9, 0x7b, 0xc9, 0x19, 0x12, 0xf1,
    0x16, 0x63, 0x42, 0x57, 0x5a, 0x0b, 0x42, 0x6f, 0xd5, 0xf1, 0xf4, 0xea, 0x4b, 0x00, 0x27, 0xab,
    0xcf, 0xe5, 0xc9, 0x89, 0x94, 0xfc, 0x9e, 0x6a, 0xbd, 0x47, 0xc7, 0xb3, 0xfc, 0xd5, 0xec, 0x30,
    0x43, 0x44, 0xe5, 0x74, 0x52, 0xbb, 0xd6, 0x28, 0xc3, 0xfb, 0x8c, 0xec, 0x2c, 0x1b, 0x64, 0x3f,
    0xee, 0x74, 0xe4, 0x09, 0xe0, 0xac, 0x09, 0x5b, 0xb6, 0x69, 0x66, 0xd9, 0xa3, 0x6e, 0x67, 0xcf,
    0xe8, 0xf0, 0x24, 0xed, 0x59, 0xa6, 0xdb, 0xc6, 0x50, 0xca, 0xa4, 0xec, 0x0a, 0xef, 0x5f, 0x98,
    0xa9, 0x3f, 0x83, 0x5d, 0x8e, 0x9e, 0xec, 0x72, 0xc7, 0x0c, 0xf3, 0x2b, 0xce, 0x96, 0x87, 0xa1,
    0xdf, 0xa2, 0xc1, 0xb6, 0xa0, 0x58, 0x11, 0x9b, 0x02, 0x0f, 0x5a, 0x74, 0x0a, 0x3c, 0xb5, 0x65,
    0xd2, 0x1f, 0x1e, 0xaf, 0x2b, 0x5e, 0x72, 0x10, 0x14, 0x49, 0x19, 0x06, 0x3c, 0x03, 0x7e, 0x6f,
    0xfb, 0x9e, 0xdd, 0xbd, 0xf7, 0xc0, 0xee, 0x76, 0x79, 0x06, 0xfc, 0x4a, 0x71, 0x4a, 0xd7, 0xc0,
    0x93, 0x4b, 0xa8, 0xac, 0x9f, 0xe5, 0x22, 0xa3, 0xe5, 0x8f, 0xe8, 0x5e, 0x5b, 0x40, 0x95, 0xfb,
    0xd5, 0xbe, 0x40, 0xa7, 0xff, 0x53, 0x37, 0x2c, 0x7d, 0x51, 0xb6, 0x37, 0xe0, 0xfe, 0xe8, 0x64,
    0x3e, 0xa0, 0xe4, 0x98, 0x51, 0xbc, 0x30, 0xad, 0xa6, 0x02, 0x0e, 0x59, 0x99, 0x4a, 0x77, 0x9e,
    0x63, 0xf6, 0x3a, 0x53, 0x23, 0xe7, 0xd9, 0x40, 0xda, 0x33, 0xcc, 0x8e, 0xad, 0xb9, 0x81, 0x98,
    0xb2, 0xdd, 0x56, 0xd1, 0xae, 0xc5, 0xbd, 0x41, 0x04, 0xf1, 0xc4, 0x69, 0x68, 0x21, 0xda, 0x3f,
    0xff, 0xfb, 0x7f, 0xf3, 0x94, 0x40, 0x3e, 0x1a, 0xe5, 0x80, 0x40, 0x53, 0x8a, 0x85, 0x02, 0x0d,
    0x9a, 0x0d, 0xa6, 0x86, 0xd5, 0x28, 0x82, 0x2c, 0x1e, 0x0d, 0x3a, 0x40, 0x1f, 0x57, 0xcf, 0x72,
    0x09, 0xc5, 0x4a, 0x8b, 0xc4, 0x03, 0x9b, 0xeb, 0x97, 0xc8, 0xe8, 0xaf, 0x58, 0x0b, 0xfd, 0xc3,
    0x48, 0x7f, 0xa5, 0x85, 0x01, 0xf0, 0xdb, 0x95, 0x9e, 0x6d, 0x5f, 0x82, 0xd6, 0x47, 0xf3, 0xa1,
    0xb9, 0xe1, 0xf9, 0xfa, 0x7e, 0x92, 0x18, 0x32, 0xe1, 0x30, 0x9f, 0x2f, 0x77, 0x02, 0x94, 0x94,
    0x51, 0xe6, 0x0f, 0xe3, 0x80, 0x2e, 0x8d, 0x1f, 0x53, 0xdf, 0xca, 0x49, 0xe2, 0x67, 0xbb, 0xbb,
    0xe4, 0xbf, 0x4c, 0xa5, 0x1f, 0x4b, 0xe7, 0xe5, 0x82, 0x6f, 0x54, 0x47, 0x71, 0x8f, 0xf1, 0x44,
    0xa3, 0xd9, 0x9e, 0xbc, 0xa8, 0x11, 0x78, 0x13, 0xd2, 0x21, 0x3c, 0x6c, 0x4e, 0x62, 0x72, 0xc5,
    0x97, 0xf6, 0x04, 0x79, 0x84, 0xcd, 0x3e, 0x00, 0x39, 0x1f, 0xc6, 0x5f, 0xd0, 0x87, 0x9f, 0x92,
    0x3f, 0x89, 0x70, 0x90, 0x76, 0x95, 0xff, 0xdc, 0x60, 0x3f, 0xc1, 0x52, 0xe2, 0x5e, 0x3a, 0x5f,
    0xde, 0x42, 0x15, 0x34, 0xb9, 0x2e, 0xda, 0x0b, 0xa7, 0x29, 0x62, 0xb8, 0x96, 0x63, 0x63, 0xa1,
    0xd5, 0x4d, 0xea, 0x75, 0x6f, 0x96, 0x0d, 0xb6, 0x84, 0xaa, 0xf5, 0x3d, 0x61, 0xae, 0x32, 0x1c,
    0x95, 0xfb, 0x6f, 0x9e, 0x00, 0x64, 0x4f, 0xb2, 0x8b, 0x8b, 0xad, 0x4e, 0xa7, 0x22, 0x95, 0x95,
    0x10, 0x9b, 0xd2, 0xdd, 0x49, 0x5f, 0x59, 0x1d, 0xa6, 0xb0, 0x49, 0x96, 0x05, 0x2c, 0x56, 0xa6,
    0x5b, 0xd9, 0xca, 0x68, 0xc7, 0xb5, 0x2e, 0xed, 0xac, 0x07, 0x74, 0xb1, 0x0d, 0xd6, 0x46, 0xe1,
    0xcb, 0xcb, 0xaa, 0xb8, 0x33, 0x96, 0xb7, 0xd8, 0x46, 0x2d, 0xd2, 0x0b, 0x08, 0xf0, 0x78, 0xfb,
    0x0e, 0x29, 0x2e, 0x42, 0x31, 0x8a, 0x23, 0xfe, 0x2d, 0x48, 0x31, 0xb8, 0x24, 0x68, 0xfb, 0xa0,
    0x4d, 0x3c, 0x3b, 0x3a, 0x78, 0x87, 0x4d, 0xc0, 0x12, 0x25, 0x00, 0x72, 0xd6, 0x64, 0x9b, 0x62,
    0x73, 0x65, 0xf4, 0x00, 0x82, 0x41, 0x30, 0x06, 0x99, 0x8e, 0x96, 0x83, 0x7b, 0x1b, 0xa3, 0x5c,
    0x01, 0xaa, 0x27, 0xb7, 0xea, 0x86, 0x3c, 0x6c, 0xcf, 0x22, 0xf3, 0xc3, 0x07, 0x97, 0x82, 0x7a,
    0x49, 0xf8, 0x00, 0xe1, 0x6a, 0x94, 0x06, 0x49, 0xde, 0x22, 0x53, 0x38, 0xc9, 0x7d, 0xd2, 0x76,
    0x90, 0xba, 0x1c, 0xfc, 0x53, 0xdf, 0x3d, 0x3d, 0x93, 0xa9, 0x28, 0xd0, 0x5b, 0x06, 0xdb, 0x18,
    0x71, 0x4f, 0x0c, 0xb2, 0xae, 0x84, 0xa1, 0x1f, 0x6a, 0xf6, 0x0a, 0x50, 0x61, 0x82, 0x51, 0x0b,
    0x90, 0xcf, 0xcf, 0xd9, 0x9f, 0x0e, 0x8e, 0xb2, 0x36, 0x3a, 0xf1, 0x48, 0x51, 0xee, 0xe0, 0xf0,
    0xed, 0x56, 0x0f, 0x1b, 0x78, 0x7e, 0x74, 0xf4, 0x56, 0xf9, 0xbb, 0x64, 0x3c, 0x94, 0x03, 0x5a,
    0x8a, 0x47, 0x68, 0xac, 0xfe, 0xd7, 0x6e, 0xe7, 0xe7, 0x7f, 0xfb, 0xcf, 0x5e, 0x87, 0xfd, 0xcf,
    0xc7, 0xa8, 0x75, 0xc1, 0x08, 0x92, 0x3e, 0xe3, 0x39, 0x05, 0xdd, 0x04, 0x0d, 0x39, 0x3c, 0xbb,
    0x46, 0x92, 0x94, 0xb2, 0x32, 0xcf, 0xa8, 0x3e, 0x79, 0x76, 0xcc, 0x53, 0x9f, 0xa1, 0x05, 0x2a,
    0x0a, 0x46, 0x0c, 0x6f, 0x2e, 0x62, 0xe6, 0xbf, 0x6e, 0x61, 0x93, 0x3b, 0xd4, 0xe4, 0x38, 0xf5,
    0x7d, 0x0e, 0x0a, 0x5a, 0x12, 0x82, 0x44, 0x9e, 0xba, 0x1e, 0x8c, 0xe3, 0x5f, 0x41, 0x49, 0x06,
    0xf9, 0x1b, 0x7b, 0x4d, 0xfc, 0x74, 0xe4, 0x07, 0xa7, 0x02, 0x7a, 0x3c, 0x13, 0x08, 0x2e, 0x2d,
    0x20, 0x69, 0x80, 0x38, 0x71, 0x87, 0xd2, 0x06, 0xb4, 0x78, 0x27, 0x2a, 0xf8, 0x93, 0x07, 0xa0,
    0xf4, 0xda, 0x0f, 0xda, 0x1d, 0x1e, 0xcd, 0xf3, 0xc3, 0xfd, 0x7b, 0x0e, 0x8f, 0x08, 0xdd, 0x94,
    0x79, 0xd3, 0x37, 0x87, 0xb1, 0x77, 0xd6, 0x9e, 0x7c, 0xc5, 0x13, 0xe5, 0x20, 0x12, 0xfa, 0x0a,
    0x1a, 0xe8, 0x15, 0x6a, 0x91, 0xd3, 0x50, 0x39, 0xaa, 0xd4, 0x96, 0xf8, 0x41, 0xa3, 0xd1, 0x2e,
    0x4e, 0x26, 0x4c, 0xf1, 0xc8, 0xf9, 0xcc, 0xa5, 0x3c, 0x78, 0xe8, 0xa3, 0xc0, 0xc3, 0x69, 0x26,
    0xf8, 0x84, 0x1f, 0x61, 0xdb, 0x08, 0x9f, 0xf7, 0x88, 0x32, 0x10, 0xa4, 0xf3, 0xa8, 0xcd, 0xde,
    0x67, 0xdc, 0x10, 0x7a, 0x76, 0x48, 0x21, 0xd4, 0x24, 0xb5, 0x8e, 0xf0, 0x2a, 0x5a, 0x71, 0x00,
    0x40, 0x2e, 0x0b, 0x31, 0x96, 0x2d, 0x85, 0x17, 0x01, 0x08, 0x16, 0x6e, 0x90, 0xb7, 0xd9, 0x21,
    0xfa, 0x2d, 0xf8, 0xe3, 0x31, 0x1e, 0x14, 0xf9, 0x01, 0x1d, 0x19, 0x2c, 0x50, 0x38, 0x37, 0x97,
    0x45, 0x6d, 0x8c, 0x7f, 0x1d, 0x54, 0x29, 0xe0, 0xed, 0x5c, 0x77, 0x5a, 0x0a, 0xa8, 0xf7, 0xf0,
    0xf6, 0x6a, 0xce, 0x0f, 0xbc, 0x8d, 0x0d, 0xed, 0xe9, 0x44, 0x31, 0xc6, 0xdd, 0x8e, 0x55, 0xa2,
    0x16, 0xb5, 0x85, 0xae, 0x88, 0x97, 0xbe, 0xbc, 0x42, 0xb1, 0x11, 0xd2, 0x85, 0x22, 0xe9, 0x05,
    0x74, 0xf9, 0x7d, 0xaa, 0xb3, 0x84, 0xb4, 0x02, 0x0b, 0xc1, 0xc1, 0xab, 0xd0, 0x99, 0x88, 0x58,
    0x58, 0xd7, 0xf3, 0x0e, 0x4e, 0xa1, 0xda, 0x4b, 0xb1, 0x86, 0x26, 0x85, 0xa7, 0x19, 0x36, 0x96,
    0x26, 0xd1, 0x13, 0xab, 0x00, 0x19, 0xa7, 0x0d, 0xbb, 0x7b, 0x87, 0x87, 0xf9, 0xfd, 0xff, 0xc1,
    0x31, 0xa2, 0x9a, 0xc7, 0x0f, 0x01, 0x00,
};
